galaxy,source_file,beta_mode,beta_mean,beta_max,d_eff_mean,d_eff_max,cinfo_cap_mean,eta_mean,projection_mean,struct_to_bar_ratio_mean,struct_to_bar_ratio_max,sigma_flip_severity,a_newton_source,rmse_kmps,mean_absolute_fractional_error,n_points,status,error
CamB,C:\Users\mincu\Desktop\topological_gravity_project\data\processed\sparc_normalized\CamB_normalized.csv,local_structural_coupling_v6,98.11977668286337,108.87197372305059,2.279323403689815,2.450380454568983,0.5117293614759261,0.22299759203320363,0.354593609566255,0.20164118973460296,0.3093801208551006,104.2082801709764,baryonic_velocity_components,5.064472925554681,0.6359264418891357,9,ok,
D512-2,C:\Users\mincu\Desktop\topological_gravity_project\data\processed\sparc_normalized\D512-2_normalized.csv,local_structural_coupling_v6,96.55068716582187,104.51830540108537,2.2564084482447413,2.3777093087981966,0.5025633792978965,0.221844071087476,0.3260478870065843,0.22490586400007512,0.27096171799508334,7.401292595317933,baryonic_velocity_components,15.003903835011336,0.4442158875286364,4,ok,
D564-8,C:\Users\mincu\Desktop\topological_gravity_project\data\processed\sparc_normalized\D564-8_normalized.csv,local_structural_coupling_v6,98.6471440628387,108.59009005110758,2.2901010403538584,2.445575308942681,0.5160404161415434,0.23463088833870013,0.3517315375039837,0.2376053120320872,0.28819487683271394,3.475274918227111,baryonic_velocity_components,11.35311472369231,0.49470852427909723,6,ok,
D631-7,C:\Users\mincu\Desktop\topological_gravity_project\data\processed\sparc_normalized\D631-7_normalized.csv,local_structural_coupling_v6,104.64241576865022,110.94585842951307,2.38501543245142,2.486188862864477,0.5540061729805681,0.26230671885267276,0.42051064700971263,0.2461660860350545,0.29596380367672503,50.63849887478859,baryonic_velocity_components,27.557033631760284,0.5017100746255805,16,ok,
DDO064,C:\Users\mincu\Desktop\topological_gravity_project\data\processed\sparc_normalized\DDO064_normalized.csv,local_structural_coupling_v6,97.1975259493129,103.21244831278146,2.2630205166174813,2.3565197304071743,0.5052082066469926,0.2117142941006563,0.3523845437911084,0.20017681143452165,0.37106596506590483,50.87454233192099,baryonic_velocity_components,14.946443682679801,0.3919421729204842,14,ok,
DDO154,C:\Users\mincu\Desktop\topological_gravity_project\data\processed\sparc_normalized\DDO154_normalized.csv,local_structural_coupling_v6,102.57633385715643,110.64466013140733,2.3493382305455177,2.4809373382465068,0.5397352922182073,0.2428563382179391,0.39413099953457836,0.2446414236915995,0.2970440205715819,6.815368822929354,baryonic_velocity_components,24.98041634977205,0.5571806310162573,12,ok,
DDO161,C:\Users\mincu\Desktop\topological_gravity_project\data\processed\sparc_normalized\DDO161_normalized.csv,local_structural_coupling_v6,101.47143904394444,111.37539667136751,2.3330949616625642,2.4937088107190366,0.5332379846650257,0.24233479857666332,0.39238075759444985,0.22465591938758417,0.28445899707004246,25.42966848179865,baryonic_velocity_components,25.124409827807153,0.3515011176507263,31,ok,
DDO168,C:\Users\mincu\Desktop\topological_gravity_project\data\processed\sparc_normalized\DDO168_normalized.csv,local_structural_coupling_v6,98.75248450163446,107.107957693517,2.288820895681971,2.4205440857989684,0.5155283582727883,0.2254561386143557,0.3545524970535571,0.19933106258582323,0.26053207055508826,73.8002281637965,baryonic_velocity_components,21.570912008037755,0.358250707030414,10,ok,
DDO170,C:\Users\mincu\Desktop\topological_gravity_project\data\processed\sparc_normalized\DDO170_normalized.csv,local_structural_coupling_v6,98.46869414243659,110.47483708358217,2.2875278989324253,2.4779841616247458,0.5150111595729701,0.23402590006439775,0.3505178019186497,0.22184528307307888,0.2940811765384903,1.2001015238505683,baryonic_velocity_components,28.063493298659132,0.5005744612123417,8,ok,
ESO079-G014,C:\Users\mincu\Desktop\topological_gravity_project\data\processed\sparc_normalized\ESO079-G014_normalized.csv,local_structural_coupling_v6,92.07370012199391,108.8398914721236,2.1895955265188887,2.449832831893461,0.4758382106075557,0.21324173154879228,0.30878603276716726,0.1270655825000798,0.20824378532550597,87.47837630904579,baryonic_velocity_components,34.90632670062028,0.21167250701401324,15,ok,
ESO116-G012,C:\Users\mincu\Desktop\topological_gravity_project\data\processed\sparc_normalized\ESO116-G012_normalized.csv,local_structural_coupling_v6,101.33597323306705,110.45097826536195,2.3312119230502097,2.477569709320633,0.5324847692200839,0.24106341261814387,0.390679887000571,0.22117658432714563,0.2961681442441563,113.39964757732668,baryonic_velocity_components,41.3767617983995,0.3413700762188229,15,ok,
ESO444-G084,C:\Users\mincu\Desktop\topological_gravity_project\data\processed\sparc_normalized\ESO444-G084_normalized.csv,local_structural_coupling_v6,99.27840159122691,111.2618499654085,2.302210704135007,2.491717402980226,0.520884281654003,0.24240515244055508,0.37530226110044584,0.21643707887501384,0.37946738354088144,56.29613463951921,baryonic_velocity_components,33.99008533736712,0.6022975666021375,7,ok,
ESO563-G021,C:\Users\mincu\Desktop\topological_gravity_project\data\processed\sparc_normalized\ESO563-G021_normalized.csv,local_structural_coupling_v6,100.53517937411227,111.10452236407868,2.3215663175636294,2.4889623676072676,0.5286265270254518,0.24705114033336706,0.38956862349415977,0.0925843435179933,0.18829615727082571,178.2797758945277,baryonic_velocity_components,71.34188775126513,0.342496616367573,30,ok,
F561-1,C:\Users\mincu\Desktop\topological_gravity_project\data\processed\sparc_normalized\F561-1_normalized.csv,local_structural_coupling_v6,87.45542425792314,88.93608281266165,2.1187041248553586,2.139700669195973,0.4474816499421434,0.19999999999999998,0.255934157902848,0.15182281092949484,0.18899963431798214,2.983417155858916,baryonic_velocity_components,4.633985306322775,0.10199168028690457,6,ok,
F563-1,C:\Users\mincu\Desktop\topological_gravity_project\data\processed\sparc_normalized\F563-1_normalized.csv,local_structural_coupling_v6,94.42759153318173,105.52628045374558,2.229547334548757,2.394250179970008,0.49181893381950276,0.21311010230673436,0.32813214360280535,0.1222720299447774,0.21638098813206633,7.1972900720006,baryonic_velocity_components,59.466057910306375,0.6008153955871852,17,ok,
F563-V1,C:\Users\mincu\Desktop\topological_gravity_project\data\processed\sparc_normalized\F563-V1_normalized.csv,local_structural_coupling_v6,94.11141958428597,100.45567728441635,2.216334237998222,2.3126278820405384,0.48653369519928874,0.20386226629866921,0.308297683964927,0.1363321656920623,0.21891015535844835,7.156700740577511,baryonic_velocity_components,0.6347092055863509,0.0292213866354349,6,ok,
F563-V2,C:\Users\mincu\Desktop\topological_gravity_project\data\processed\sparc_normalized\F563-V2_normalized.csv,local_structural_coupling_v6,98.30588515077174,106.81869630522195,2.280889911291492,2.415703713291079,0.5123559645165968,0.21919942867152828,0.36012505592501826,0.1889692828702893,0.3248406401448302,32.887745330221335,baryonic_velocity_components,52.68557766871536,0.5242564342418929,10,ok,
F565-V2,C:\Users\mincu\Desktop\topological_gravity_project\data\processed\sparc_normalized\F565-V2_normalized.csv,local_structural_coupling_v6,87.7039558219478,92.35190265120983,2.124092446946157,2.189414353166235,0.44963697877846276,0.19999999999999998,0.25746933093599317,0.1159014349484432,0.2127468410675996,4.595934876367136,baryonic_velocity_components,38.37440795175874,0.5489009136808757,7,ok,
F567-2,C:\Users\mincu\Desktop\topological_gravity_project\data\processed\sparc_normalized\F567-2_normalized.csv,local_structural_coupling_v6,91.26530955643995,96.77669893102131,2.1751276087589995,2.255690018189856,0.4700510435035997,0.20046092098362092,0.29001940998039233,0.1803951658164284,0.2279183007276567,3.673960308399657,baryonic_velocity_components,14.156047742905308,0.2842712158086153,5,ok,
F568-1,C:\Users\mincu\Desktop\topological_gravity_project\data\processed\sparc_normalized\F568-1_normalized.csv,local_structural_coupling_v6,89.17226992678019,97.43645021959387,2.1440489524729025,2.2657713795181893,0.45761958098916095,0.20047645787103782,0.28671089192106053,0.10225278164870544,0.2535631697542581,23.658947700251183,baryonic_velocity_components,61.0295170119946,0.5057464064006928,12,ok,
F568-3,C:\Users\mincu\Desktop\topological_gravity_project\data\processed\sparc_normalized\F568-3_normalized.csv,local_structural_coupling_v6,92.26396219432168,104.58196847536534,2.1901770708516946,2.3787491838631283,0.47607082834067793,0.20753903736914842,0.31567870265439396,0.14939878700115336,0.2210297416160952,14.679235977022687,baryonic_velocity_components,36.65099513725504,0.3637950100935418,18,ok,
F568-V1,C:\Users\mincu\Desktop\topological_gravity_project\data\processed\sparc_normalized\F568-V1_normalized.csv,local_structural_coupling_v6,96.92501707451835,106.99661493334345,2.2599219133798485,2.418679220247826,0.5039687653519394,0.21625464698610136,0.3611470914102241,0.18301235115854952,0.261112536454791,38.4456620519658,baryonic_velocity_components,59.09758082665804,0.5478383763612636,15,ok,
F571-8,C:\Users\mincu\Desktop\topological_gravity_project\data\processed\sparc_normalized\F571-8_normalized.csv,local_structural_coupling_v6,104.68198501506949,110.99643943730776,2.386816709127473,2.487072501522577,0.5547266836509892,0.265279077745201,0.45170450713864696,0.2512324733170206,0.36274059780458173,610.9270562083817,baryonic_velocity_components,55.081555922397435,0.6815554135904045,13,ok,
F571-V1,C:\Users\mincu\Desktop\topological_gravity_project\data\processed\sparc_normalized\F571-V1_normalized.csv,local_structural_coupling_v6,99.72165099554181,109.77339726233586,2.3060709233961987,2.4658448758634393,0.5224283693584795,0.23509266322557024,0.36223507939891253,0.16011825043893155,0.28374167062257966,9.066723197373504,baryonic_velocity_components,37.61891209848429,0.4607792495020612,7,ok,
F574-1,C:\Users\mincu\Desktop\topological_gravity_project\data\processed\sparc_normalized\F574-1_normalized.csv,local_structural_coupling_v6,95.05238485528777,99.51807297866209,2.229992636143594,2.2979463549604353,0.4919970544574377,0.20285734196194127,0.32563859989731875,0.14759668123097475,0.2752747378907023,31.453308877581264,baryonic_velocity_components,39.6378050307048,0.4097497991355036,14,ok,
F574-2,C:\Users\mincu\Desktop\topological_gravity_project\data\processed\sparc_normalized\F574-2_normalized.csv,local_structural_coupling_v6,84.56680829191752,85.53511304155515,2.0777901211051115,2.0913078847223545,0.43111604844204454,0.2,0.235777269211131,0.1116821221590194,0.1849322536011265,2.9531182988523756,baryonic_velocity_components,5.5834127933203765,0.2454462838583217,5,ok,
F579-V1,C:\Users\mincu\Desktop\topological_gravity_project\data\processed\sparc_normalized\F579-V1_normalized.csv,local_structural_coupling_v6,95.23278747022435,108.94160795156398,2.235779552717655,2.4515697128534177,0.49431182108706206,0.217422897924585,0.33749745823548355,0.17601262334962767,0.26608940828223854,48.673325324617565,baryonic_velocity_components,42.858838005617464,0.42579828451128726,14,ok,
F583-1,C:\Users\mincu\Desktop\topological_gravity_project\data\processed\sparc_normalized\F583-1_normalized.csv,local_structural_coupling_v6,89.32228226257999,100.22797688587602,2.155243827971375,2.3090512863884265,0.4620975311885501,0.20245159742171986,0.30543866994694496,0.14115135377830398,0.24735108795178617,8.187515029346502,baryonic_velocity_components,34.206423111276344,0.5189964344263873,25,ok,
F583-4,C:\Users\mincu\Desktop\topological_gravity_project\data\processed\sparc_normalized\F583-4_normalized.csv,local_structural_coupling_v6,100.0417048573331,107.49912643441078,2.307749195274561,2.427112761983698,0.5230996781098244,0.22628574964435408,0.3655900756238393,0.20722450523756034,0.32959797895516807,46.32477795193334,baryonic_velocity_components,22.24807083519173,0.3626050142385541,12,ok,
IC2574,C:\Users\mincu\Desktop\topological_gravity_project\data\processed\sparc_normalized\IC2574_normalized.csv,local_structural_coupling_v6,93.40676304564595,107.71403033137959,2.2128841529143775,2.4307329011823757,0.48515366116575104,0.21154769579653743,0.3133848500268626,0.14161824169187465,0.2515290367723975,8.832275464130348,baryonic_velocity_components,20.000253669106307,0.3456495644709376,34,ok,
IC4202,C:\Users\mincu\Desktop\topological_gravity_project\data\processed\sparc_normalized\IC4202_normalized.csv,local_structural_coupling_v6,103.6000764296841,110.73329752998114,2.366588088183354,2.4824809366559313,0.5466352352733417,0.251471003270338,0.41360554377904524,0.18799152152938498,0.2322775857025536,85.49992301919553,baryonic_velocity_components,43.20275979088344,0.2609568566935402,32,ok,
KK98-251,C:\Users\mincu\Desktop\topological_gravity_project\data\processed\sparc_normalized\KK98-251_normalized.csv,local_structural_coupling_v6,97.68063394913776,106.94100451278516,2.2772971116644647,2.4177486085630817,0.5109188446657859,0.2241164137512376,0.36068556262157464,0.2045527653668445,0.2738563811179428,24.20666301033316,baryonic_velocity_components,8.488088197728592,0.2576696815650983,15,ok,
NGC0024,C:\Users\mincu\Desktop\topological_gravity_project\data\processed\sparc_normalized\NGC0024_normalized.csv,local_structural_coupling_v6,94.38205001586068,111.52753436377215,2.2255189206427475,2.4963810488844267,0.49020756825709905,0.22263698196847534,0.35670092692913924,0.2209044647097323,0.5387258964091831,208.78451454437206,baryonic_velocity_components,37.14370855783199,0.3486251518838873,29,ok,
NGC0055,C:\Users\mincu\Desktop\topological_gravity_project\data\processed\sparc_normalized\NGC0055_normalized.csv,local_structural_coupling_v6,96.65805641984576,107.29456192810859,2.2576665580472395,2.423674305562795,0.5030666232188958,0.22064699756760703,0.3385590818963558,0.18901235123060195,0.2275752476484305,9.251464727000027,baryonic_velocity_components,27.253804673685615,0.3150333515537329,21,ok,
NGC0100,C:\Users\mincu\Desktop\topological_gravity_project\data\processed\sparc_normalized\NGC0100_normalized.csv,local_structural_coupling_v6,101.4808620599623,109.95529182043225,2.3343696278795893,2.468983798393898,0.5337478511518355,0.24606587045515013,0.3891467541762018,0.2325181785304484,0.3034191459859806,95.4376397856145,baryonic_velocity_components,32.39523082783202,0.3764199252012671,21,ok,
NGC0247,C:\Users\mincu\Desktop\topological_gravity_project\data\processed\sparc_normalized\NGC0247_normalized.csv,local_structural_coupling_v6,94.19706787214098,111.02957218705001,2.2230535187322804,2.4876515949275273,0.4892214074929122,0.22227905899917655,0.3169443933948989,0.16047737868276465,0.25081359564273,17.283365415358443,baryonic_velocity_components,36.67144031521983,0.3964802289924276,26,ok,
NGC0289,C:\Users\mincu\Desktop\topological_gravity_project\data\processed\sparc_normalized\NGC0289_normalized.csv,local_structural_coupling_v6,108.20730911754382,111.19056740021287,2.4410695964732483,2.4907013523541774,0.5764278385892994,0.2775284791395036,0.4744126409226819,0.06230370993331956,0.13227151318671174,6.0777586521741895,baryonic_velocity_components,57.594030649489405,0.3101452920251245,28,ok,
NGC0300,C:\Users\mincu\Desktop\topological_gravity_project\data\processed\sparc_normalized\NGC0300_normalized.csv,local_structural_coupling_v6,102.92931736795664,111.22449043103764,2.3572814230738306,2.491062740927173,0.5429125692295323,0.2522747749609817,0.4006870285245381,0.24757151840342492,0.288344121881528,9.101239838713212,baryonic_velocity_components,42.33285017981215,0.4672580039271547,25,ok,
NGC0801,C:\Users\mincu\Desktop\topological_gravity_project\data\processed\sparc_normalized\NGC0801_normalized.csv,local_structural_coupling_v6,101.46302402084986,110.82144677310188,2.3372998794444766,2.484017548489318,0.5349199517777905,0.255126029871391,0.41191731491310873,0.1949445070805974,0.3886136191770592,320.55953150561726,baryonic_velocity_components,30.344851919935845,0.1437311018260151,13,ok,
NGC0891,C:\Users\mincu\Desktop\topological_gravity_project\data\processed\sparc_normalized\NGC0891_normalized.csv,local_structural_coupling_v6,108.36124083648104,111.03367104290902,2.443317492081811,2.487723249602269,0.5773269968327244,0.27750039353103595,0.45996000827658573,0.2675864430383539,0.2921764179313985,328.331659203393,baryonic_velocity_components,44.17996932241161,0.1623339075836861,18,ok,
NGC1003,C:\Users\mincu\Desktop\topological_gravity_project\data\processed\sparc_normalized\NGC1003_normalized.csv,local_structural_coupling_v6,107.3660271551521,111.19304399414246,2.4286144628400255,2.490511909817068,0.5714457851360101,0.27313142913864913,0.45370545990726835,0.18686328654897574,0.2611275288332746,2.6868725909583944,baryonic_velocity_components,52.308262959482235,0.4559231488176175,36,ok,
NGC1090,C:\Users\mincu\Desktop\topological_gravity_project\data\processed\sparc_normalized\NGC1090_normalized.csv,local_structural_coupling_v6,104.60088230590992,110.8651349832311,2.384012912829237,2.4847796796202117,0.5536051651316948,0.26042656495055405,0.42312418180393085,0.1778091863124065,0.23539835895546776,191.03009653207573,baryonic_velocity_components,35.709866740743934,0.29252027071782855,24,ok,
NGC1705,C:\Users\mincu\Desktop\topological_gravity_project\data\processed\sparc_normalized\NGC1705_normalized.csv,local_structural_coupling_v6,107.47572059410119,110.96919458516425,2.429366661752407,2.4865964779064416,0.571746664700963,0.2737133909600869,0.4549897301262252,0.28203638070365267,0.3112182378398353,86.99573816839518,baryonic_velocity_components,42.81905476729161,0.5909360671367103,14,ok,
NGC2366,C:\Users\mincu\Desktop\topological_gravity_project\data\processed\sparc_normalized\NGC2366_normalized.csv,local_structural_coupling_v6,100.0070926239276,109.11178560150039,2.3088558209770174,2.4544798631383458,0.523542328390807,0.23140470331527008,0.37226350613158793,0.2233988017170567,0.31922285088312513,56.60871746810654,baryonic_velocity_components,19.707518641225608,0.3822169473839198,26,ok,
NGC2403,C:\Users\mincu\Desktop\topological_gravity_project\data\processed\sparc_normalized\NGC2403_normalized.csv,local_structural_coupling_v6,102.50700756565902,111.01701465458387,2.35144482077991,2.4874320893350994,0.5405779283119639,0.2528687599968676,0.4278054952175392,0.23272381443089707,0.2867019971686992,461.35207373140145,baryonic_velocity_components,45.09496091036356,0.2829831964757166,73,ok,
NGC2683,C:\Users\mincu\Desktop\topological_gravity_project\data\processed\sparc_normalized\NGC2683_normalized.csv,local_structural_coupling_v6,109.10755139768008,111.20893055287253,2.4558223473262903,2.490790161963251,0.5823289389305164,0.2815978260787299,0.47235031075463074,0.23662636262816647,0.30617141516595225,78.64158994204311,baryonic_velocity_components,45.18789639832845,0.24226135725609008,11,ok,
NGC2841,C:\Users\mincu\Desktop\topological_gravity_project\data\processed\sparc_normalized\NGC2841_normalized.csv,local_structural_coupling_v6,107.6594902697441,111.02490709805717,2.430641120894169,2.487570045587508,0.5722564483576675,0.2706800775698088,0.47971976614088807,0.17151024074820118,0.2641743023913695,96.31337270453025,baryonic_velocity_components,102.96849783860004,0.3276906407865451,50,ok,
NGC2903,C:\Users\mincu\Desktop\topological_gravity_project\data\processed\sparc_normalized\NGC2903_normalized.csv,local_structural_coupling_v6,106.38427334731068,110.90575078820196,2.4120478517741026,2.485488547521516,0.5648191407096412,0.26759405118594726,0.45764919731358483,0.2409346542770485,0.3010226767862368,279.8961487452084,baryonic_velocity_components,54.53473379559246,0.3637413135818739,34,ok,
NGC2915,C:\Users\mincu\Desktop\topological_gravity_project\data\processed\sparc_normalized\NGC2915_normalized.csv,local_structural_coupling_v6,107.31824680755638,110.55910230818107,2.4250170714309576,2.4794488142296767,0.5700068285723829,0.26876460732549895,0.45451799754390393,0.2665448429296172,0.29924912852229807,7.915078867618405,baryonic_velocity_components,52.418773967715346,0.6840066493206013,30,ok,
NGC2955,C:\Users\mincu\Desktop\topological_gravity_project\data\processed\sparc_normalized\NGC2955_normalized.csv,local_structural_coupling_v6,104.01723495354503,110.6846359472937,2.373785243647212,2.481633318431864,0.5495140974588848,0.25609967972422537,0.44195838659484554,0.21489862060656847,0.27932351929871635,202.45240854979102,baryonic_velocity_components,23.771384796779483,0.08587388538227025,24,ok,
NGC2976,C:\Users\mincu\Desktop\topological_gravity_project\data\processed\sparc_normalized\NGC2976_normalized.csv,local_structural_coupling_v6,97.38639416966278,109.74582115446228,2.2683497610955965,2.465369544885318,0.5073399044382385,0.22291677998846174,0.35503592950235635,0.21333370847943803,0.2806609572108271,886.8763921427571,baryonic_velocity_components,9.244803268279986,0.22445943459760165,27,ok,
NGC2998,C:\Users\mincu\Desktop\topological_gravity_project\data\processed\sparc_normalized\NGC2998_normalized.csv,local_structural_coupling_v6,100.28459240899922,110.79524885160805,2.31815900087511,2.483560710045258,0.527263600350044,0.24809213598460894,0.39665974935415765,0.14916134916646506,0.22938883294927717,163.0303072052486,baryonic_velocity_components,41.69178511241905,0.1916957896992331,13,ok,
NGC3109,C:\Users\mincu\Desktop\topological_gravity_project\data\processed\sparc_normalized\NGC3109_normalized.csv,local_structural_coupling_v6,97.36832798409914,109.47781236174673,2.2681559497814776,2.4607572987564987,0.5072623799125912,0.22187288819163725,0.35007149652532865,0.2099643946170876,0.27180137828379575,14.107603793664502,baryonic_velocity_components,31.91241424332862,0.580071328101448,25,ok,
NGC3198,C:\Users\mincu\Desktop\topological_gravity_project\data\processed\sparc_normalized\NGC3198_normalized.csv,local_structural_coupling_v6,101.90945015943889,110.58887597389975,2.3414192347431104,2.479966651931984,0.5365676938972442,0.24747345359828749,0.4238749807962488,0.16719457226768325,0.26643638015975163,139.58439112317762,baryonic_velocity_components,42.77243622639118,0.28146730156396077,43,ok,
NGC3521,C:\Users\mincu\Desktop\topological_gravity_project\data\processed\sparc_normalized\NGC3521_normalized.csv,local_structural_coupling_v6,104.56494266126828,111.11246873916647,2.38122863131854,2.4891014032287675,0.5524914525274162,0.25354369171235774,0.4595283742786392,0.25386342917879867,0.3182045138352748,631.6317606787843,baryonic_velocity_components,29.48686108106167,0.12073419369445265,41,ok,
NGC3726,C:\Users\mincu\Desktop\topological_gravity_project\data\processed\sparc_normalized\NGC3726_normalized.csv,local_structural_coupling_v6,104.61402371425241,111.3310842111019,2.384855653781453,2.4929313448573285,0.5539422615125813,0.2624695912634478,0.4281832855899437,0.21514638266215466,0.2805546975285507,49.90156465817421,baryonic_velocity_components,38.57754804022986,0.19189663451878022,12,ok,
NGC3741,C:\Users\mincu\Desktop\topological_gravity_project\data\processed\sparc_normalized\NGC3741_normalized.csv,local_structural_coupling_v6,102.75678524186276,109.0102722830764,2.3513666998493155,2.4527435689938715,0.5405466799397262,0.2411880128401264,0.4148359004727668,0.2425763289619414,0.2875197373738495,4.880283506515326,baryonic_velocity_components,26.69561818089361,0.6299012050821419,21,ok,
NGC3769,C:\Users\mincu\Desktop\topological_gravity_project\data\processed\sparc_normalized\NGC3769_normalized.csv,local_structural_coupling_v6,108.73546773773357,111.50929298095387,2.449550425353999,2.496065093220629,0.5798201701415996,0.2793979339001153,0.4865428522762334,0.2688583060400456,0.41337824317289174,61.55173071062649,baryonic_velocity_components,45.963217145273816,0.3584624622259616,12,ok,
NGC3877,C:\Users\mincu\Desktop\topological_gravity_project\data\processed\sparc_normalized\NGC3877_normalized.csv,local_structural_coupling_v6,97.24643145690908,109.55383546030141,2.2661938725919697,2.462064236797337,0.506477549036788,0.2213759663834508,0.3434528141304174,0.18554540551922963,0.26169178604326426,262.7754199564598,baryonic_velocity_components,20.831470262340506,0.20005271815490427,13,ok,
NGC3893,C:\Users\mincu\Desktop\topological_gravity_project\data\processed\sparc_normalized\NGC3893_normalized.csv,local_structural_coupling_v6,108.07659211414864,111.02551124448308,2.4384074687137707,2.487580606290503,0.5753629874855084,0.2743761220523959,0.4570886621106333,0.2737461585399448,0.3075801074265484,264.5286943309145,baryonic_velocity_components,44.98674963080338,0.23134409627061686,10,ok,
NGC3917,C:\Users\mincu\Desktop\topological_gravity_project\data\processed\sparc_normalized\NGC3917_normalized.csv,local_structural_coupling_v6,98.64020576222268,111.24349217959823,2.2915133783183674,2.4913956796584906,0.5166053513273473,0.23854861016833576,0.35930393833700097,0.17862566085646786,0.2774779530108879,56.824250166254714,baryonic_velocity_components,34.871099162863814,0.2565009493353298,17,ok,
NGC3949,C:\Users\mincu\Desktop\topological_gravity_project\data\processed\sparc_normalized\NGC3949_normalized.csv,local_structural_coupling_v6,102.89882092771113,110.47572583917079,2.3566609608248092,2.477999602346038,0.5426643843299238,0.2520480953467425,0.3893329956002934,0.2548112790388392,0.30577040726509663,207.9050188162987,baryonic_velocity_components,21.206518639518972,0.12589720882593664,7,ok,
NGC3953,C:\Users\mincu\Desktop\topological_gravity_project\data\processed\sparc_normalized\NGC3953_normalized.csv,local_structural_coupling_v6,102.56279674332615,110.38055702733962,2.3486822097647035,2.476347058762699,0.5394728839058813,0.24122829253360292,0.3840825188846979,0.21916130477878942,0.26657114554886385,101.63346221867982,baryonic_velocity_components,12.739752961170066,0.04926458201105652,8,ok,
NGC3972,C:\Users\mincu\Desktop\topological_gravity_project\data\processed\sparc_normalized\NGC3972_normalized.csv,local_structural_coupling_v6,94.29809871792258,110.40490074357862,2.2252027636964113,2.4767696054509023,0.4900811054785647,0.22641321663731415,0.3170889135239611,0.21747783909052237,0.29256165225286884,64.3778339443214,baryonic_velocity_components,31.633090930175822,0.256864358148027,10,ok,
NGC3992,C:\Users\mincu\Desktop\topological_gravity_project\data\processed\sparc_normalized\NGC3992_normalized.csv,local_structural_coupling_v6,106.69482577233369,111.1828182437734,2.4172329817686684,2.490332832215689,0.5668931927074673,0.27033188385402485,0.43230578041800266,0.11056841922925238,0.13791795227696121,24.277153425826256,baryonic_velocity_components,62.046658565227986,0.2359639314367505,9,ok,
NGC4010,C:\Users\mincu\Desktop\topological_gravity_project\data\processed\sparc_normalized\NGC4010_normalized.csv,local_structural_coupling_v6,101.12341825764311,110.13382278884595,2.3257240331933495,2.4720707736498855,0.5302896132773397,0.2339729730321413,0.3788137327866811,0.2063736115418073,0.2807462593966737,173.0835424408872,baryonic_velocity_components,27.832357424482,0.23333213000807393,12,ok,
NGC4013,C:\Users\mincu\Desktop\topological_gravity_project\data\processed\sparc_normalized\NGC4013_normalized.csv,local_structural_coupling_v6,109.40747997578137,111.31174575714323,2.4609790495972117,2.492592172059359,0.5843916198388847,0.28464662929438606,0.46547261020671304,0.1886852463764503,0.25280205521192206,14.21068682358893,baryonic_velocity_components,46.6026302161145,0.23108899603488442,36,ok,
NGC4051,C:\Users\mincu\Desktop\topological_gravity_project\data\processed\sparc_normalized\NGC4051_normalized.csv,local_structural_coupling_v6,103.51811927351844,109.71035813353424,2.3635699466585254,2.46475847712691,0.5454279786634103,0.24757826511344813,0.4024441771591002,0.2571014403627219,0.38892018631236314,372.72785459850604,baryonic_velocity_components,14.130864402384729,0.0812191320687772,7,ok,
NGC4068,C:\Users\mincu\Desktop\topological_gravity_project\data\processed\sparc_normalized\NGC4068_normalized.csv,local_structural_coupling_v6,90.16631010546719,95.23403648431945,2.158113320665319,2.2323256227080734,0.4632453282661276,0.19999999999999998,0.2804670872937989,0.1614111496468351,0.2687955229777375,89.70575259754845,baryonic_velocity_components,7.501179773631234,0.308247551324244,6,ok,
NGC4085,C:\Users\mincu\Desktop\topological_gravity_project\data\processed\sparc_normalized\NGC4085_normalized.csv,local_structural_coupling_v6,99.01715050786923,109.68279965651666,2.295494874338515,2.464283776852219,0.518197949735406,0.23377401702269968,0.3555023524204484,0.23529818784837558,0.3078401730257301,63.98291146448719,baryonic_velocity_components,23.43670075425572,0.26574738175819146,7,ok,
NGC4088,C:\Users\mincu\Desktop\topological_gravity_project\data\processed\sparc_normalized\NGC4088_normalized.csv,local_structural_coupling_v6,103.27348939433845,111.15508791361418,2.366001141647106,2.4898473117667814,0.5464004566588424,0.26287058161136384,0.4093224389783882,0.23703639460215334,0.2820233151995326,106.2689261011746,baryonic_velocity_components,33.007788280370036,0.18379595837672247,12,ok,
NGC4100,C:\Users\mincu\Desktop\topological_gravity_project\data\processed\sparc_normalized\NGC4100_normalized.csv,local_structural_coupling_v6,106.26759619874683,111.1489903729638,2.4113720838983626,2.4897405724330888,0.564548833559345,0.27049314813174985,0.43537485932985426,0.21746665294457293,0.27391707556214645,97.11614365367603,baryonic_velocity_components,44.546139111813275,0.2306386099902812,24,ok,
NGC4138,C:\Users\mincu\Desktop\topological_gravity_project\data\processed\sparc_normalized\NGC4138_normalized.csv,local_structural_coupling_v6,109.76470368313883,111.2107039648185,2.4661904835918267,2.490821226296121,0.5864761934367307,0.28555696871265546,0.4715677128671404,0.31310259583283484,0.3638842808943966,387.794194572666,baryonic_velocity_components,46.79786540987014,0.2829485194277095,7,ok,
NGC4157,C:\Users\mincu\Desktop\topological_gravity_project\data\processed\sparc_normalized\NGC4157_normalized.csv,local_structural_coupling_v6,106.39010146164809,111.08642553258301,2.4137563999763567,2.4886457784925877,0.5655025599905428,0.272068672754873,0.4413154499955781,0.18365365569610506,0.2632869057940481,173.16369406717683,baryonic_velocity_components,40.7979033986645,0.21591176332344592,17,ok,
NGC4183,C:\Users\mincu\Desktop\topological_gravity_project\data\processed\sparc_normalized\NGC4183_normalized.csv,local_structural_coupling_v6,101.44577313815923,110.85395597905969,2.33559437453503,2.4845846289225006,0.5342377498140118,0.25080729932437373,0.39159990097269776,0.21444197105583204,0.27420909572431656,16.400565740128428,baryonic_velocity_components,41.1955515560736,0.3826115138109855,23,ok,
NGC4214,C:\Users\mincu\Desktop\topological_gravity_project\data\processed\sparc_normalized\NGC4214_normalized.csv,local_structural_coupling_v6,106.14883421666966,110.94186753347589,2.409465470149083,2.486119164146022,0.5637861880596332,0.2704455888902154,0.4400102392997954,0.2756680864618847,0.30755141198367686,164.5053414135828,baryonic_velocity_components,39.47956744191029,0.4832131613151443,14,ok,
NGC4217,C:\Users\mincu\Desktop\topological_gravity_project\data\processed\sparc_normalized\NGC4217_normalized.csv,local_structural_coupling_v6,105.89862862164905,110.89255436274078,2.406532851688078,2.485258194881079,0.5626131406752313,0.2720530752275853,0.4382365996584074,0.26123358256179374,0.2929550323088489,415.8783845297296,baryonic_velocity_components,51.409396016479064,0.3441296709302051,19,ok,
NGC4389,C:\Users\mincu\Desktop\topological_gravity_project\data\processed\sparc_normalized\NGC4389_normalized.csv,local_structural_coupling_v6,95.92325534458716,107.65949856295876,2.2477079664740907,2.429813523882441,0.49908318658963635,0.22330759635558473,0.32518462722144575,0.22465438419699138,0.30023205468192804,95.56049568091657,baryonic_velocity_components,43.215637977321485,0.7604078629887745,6,ok,
NGC4559,C:\Users\mincu\Desktop\topological_gravity_project\data\processed\sparc_normalized\NGC4559_normalized.csv,local_structural_coupling_v6,104.78762294811327,110.53149443342303,2.386695941844752,2.478968798088018,0.554678376737901,0.2618626097111457,0.42466743231090254,0.22682915714944052,0.2801154122902233,20.190559563880754,baryonic_velocity_components,31.626400323608543,0.22662384457466966,32,ok,
NGC5005,C:\Users\mincu\Desktop\topological_gravity_project\data\processed\sparc_normalized\NGC5005_normalized.csv,local_structural_coupling_v6,105.09083758661384,110.53506382206052,2.388642297458654,2.4790308505054,0.5554569189834616,0.2558200746290836,0.43307165093087874,0.25477970644300574,0.2832638965099518,893.0297604133693,baryonic_velocity_components,23.81970412212541,0.0826570113200427,18,ok,
NGC5033,C:\Users\mincu\Desktop\topological_gravity_project\data\processed\sparc_normalized\NGC5033_normalized.csv,local_structural_coupling_v6,109.59860572773833,110.95002548529982,2.463373318639154,2.4862616414390626,0.5853493274556616,0.28437243443394594,0.48634525550590235,0.1519856443518096,0.23554735960743126,30.754357159060376,baryonic_velocity_components,65.76430457560191,0.2964559303815376,22,ok,
NGC5055,C:\Users\mincu\Desktop\topological_gravity_project\data\processed\sparc_normalized\NGC5055_normalized.csv,local_structural_coupling_v6,107.16897616563799,111.09433279709842,2.423744700488824,2.488784101628734,0.5694978801955294,0.2700864835710505,0.47119390145064716,0.18242312561804752,0.2816064716625406,130.35650712820302,baryonic_velocity_components,44.39792298315175,0.23299413693051801,28,ok,
NGC5371,C:\Users\mincu\Desktop\topological_gravity_project\data\processed\sparc_normalized\NGC5371_normalized.csv,local_structural_coupling_v6,105.94072992257061,111.27492618426069,2.4035517785957667,2.491946606580105,0.5614207114383069,0.26103098146222253,0.44330632446849993,0.14366075759479696,0.25470345835577424,59.13388590091182,baryonic_velocity_components,21.96362836882637,0.07940016752330238,19,ok,
NGC5585,C:\Users\mincu\Desktop\topological_gravity_project\data\processed\sparc_normalized\NGC5585_normalized.csv,local_structural_coupling_v6,100.5466254232955,109.89163600370732,2.318707361731239,2.467884589752375,0.5274829446924957,0.2375856553812644,0.396078072657615,0.2233393956221552,0.28774304917829435,253.33076706199876,baryonic_velocity_components,29.29023567317739,0.29449587711030867,24,ok,
NGC5907,C:\Users\mincu\Desktop\topological_gravity_project\data\processed\sparc_normalized\NGC5907_normalized.csv,local_structural_coupling_v6,106.74868395968738,110.86869343036226,2.418283286409818,2.484841772343483,0.5673133145639269,0.2714048434143163,0.44124733444920644,0.10122582526372688,0.1486971445874204,15.533901532838598,baryonic_velocity_components,50.369871350004146,0.21293821834057622,19,ok,
NGC5985,C:\Users\mincu\Desktop\topological_gravity_project\data\processed\sparc_normalized\NGC5985_normalized.csv,local_structural_coupling_v6,101.26465042419444,109.78493072398237,2.3308230964093406,2.4660437213003736,0.5323292385637364,0.24452832893181883,0.39650237964218366,0.12615313736519693,0.21480575010597766,58.135485007004036,baryonic_velocity_components,93.05506841455784,0.3264770336517021,33,ok,
NGC6015,C:\Users\mincu\Desktop\topological_gravity_project\data\processed\sparc_normalized\NGC6015_normalized.csv,local_structural_coupling_v6,102.86848496761363,111.42571786347588,2.3587673637426225,2.4945921729052136,0.5435069454970489,0.25918437200689015,0.4190993679482935,0.1845638934340088,0.2967446162744171,139.78538913376772,baryonic_velocity_components,51.70470353986008,0.2946483793058369,44,ok,
NGC6195,C:\Users\mincu\Desktop\topological_gravity_project\data\processed\sparc_normalized\NGC6195_normalized.csv,local_structural_coupling_v6,104.88196178220348,110.9142759847202,2.384932850833647,2.485637378760535,0.5539731403334589,0.253228362225133,0.4422601309661248,0.1839141895576918,0.2377650189579877,94.38946182275163,baryonic_velocity_components,20.319047228660896,0.07498651020652913,23,ok,
NGC6503,C:\Users\mincu\Desktop\topological_gravity_project\data\processed\sparc_normalized\NGC6503_normalized.csv,local_structural_coupling_v6,108.86595740487476,110.7711818658478,2.4521763642185586,2.48314114860984,0.5808705456874235,0.28202678987695945,0.4711621439853917,0.2284011800965919,0.2838515923511487,75.70157814986018,baryonic_velocity_components,49.56604329566986,0.40155870512679964,31,ok,
NGC6674,C:\Users\mincu\Desktop\topological_gravity_project\data\processed\sparc_normalized\NGC6674_normalized.csv,local_structural_coupling_v6,108.84024555429703,111.10564328360921,2.4511636322403207,2.4889820294264156,0.5804654528961282,0.27988520275878376,0.4693277876904229,0.07143183986772611,0.10690352364258891,14.221693856084656,baryonic_velocity_components,83.1730013574072,0.3122750905095349,15,ok,
NGC6789,C:\Users\mincu\Desktop\topological_gravity_project\data\processed\sparc_normalized\NGC6789_normalized.csv,local_structural_coupling_v6,91.74733349031207,95.76934522494594,2.1811279993930386,2.240400675345434,0.47245119975721556,0.2,0.2896678853461005,0.13870108282779262,0.25388009706406,541.503531417392,baryonic_velocity_components,22.107356558821323,0.4375897318241665,4,ok,
NGC6946,C:\Users\mincu\Desktop\topological_gravity_project\data\processed\sparc_normalized\NGC6946_normalized.csv,local_structural_coupling_v6,107.54652834280738,111.44228413222409,2.4300813647337987,2.494883095186,0.5720325458935193,0.2717518078845802,0.4564595165107676,0.2541224608665412,0.5750243608701529,58.44345019869627,baryonic_velocity_components,27.138153939494533,0.14611074942664382,58,ok,
NGC7331,C:\Users\mincu\Desktop\topological_gravity_project\data\processed\sparc_normalized\NGC7331_normalized.csv,local_structural_coupling_v6,108.41708902013198,111.12980326497551,2.4444912299667845,2.4894047439620337,0.5777964919867139,0.27857950151282157,0.4682265808191116,0.1704845341450971,0.24203844554620518,51.39204063070093,baryonic_velocity_components,54.759934008180984,0.18071962129427954,36,ok,
NGC7793,C:\Users\mincu\Desktop\topological_gravity_project\data\processed\sparc_normalized\NGC7793_normalized.csv,local_structural_coupling_v6,94.54209123912632,110.86682277514433,2.2297932216817666,2.4848091302473216,0.49191728867270645,0.22865442531229438,0.35100120224884873,0.22836746568413488,0.2954869334627015,344.1152751762494,baryonic_velocity_components,18.502294267313612,0.20021854654346108,46,ok,
NGC7814,C:\Users\mincu\Desktop\topological_gravity_project\data\processed\sparc_normalized\NGC7814_normalized.csv,local_structural_coupling_v6,109.9271468901835,110.88172757814878,2.468741725438474,2.485069231354064,0.5874966901753894,0.28652576774309946,0.4835764887719237,0.2792978971846535,0.3818153830268458,172.0026849166975,baryonic_velocity_components,66.62160483100901,0.2744427597708062,18,ok,
PGC51017,C:\Users\mincu\Desktop\topological_gravity_project\data\processed\sparc_normalized\PGC51017_normalized.csv,local_structural_coupling_v6,100.46268742474676,109.40772036187273,2.3188307222233755,2.459553279870081,0.5275322888893502,0.24282297054275828,0.3746440814513547,0.24842470909558634,0.29287954048613857,35.76240270916307,baryonic_velocity_components,4.115496398231132,0.11307739152096279,6,ok,
UGC00128,C:\Users\mincu\Desktop\topological_gravity_project\data\processed\sparc_normalized\UGC00128_normalized.csv,local_structural_coupling_v6,104.19878254400841,111.14279604414175,2.3774220218582967,2.491299647554258,0.5509688087433184,0.2544972228120285,0.416533368004992,0.08342103886112712,0.1695869992970471,1.1673608368963322,baryonic_velocity_components,67.21481527985318,0.5343188687663483,22,ok,
UGC00191,C:\Users\mincu\Desktop\topological_gravity_project\data\processed\sparc_normalized\UGC00191_normalized.csv,local_structural_coupling_v6,94.94269379449705,108.04569958515309,2.231381239138054,2.436335996228324,0.4925524956552215,0.2170554997795412,0.34376424218032886,0.189140704114142,0.3045286453736439,80.70322351360127,baryonic_velocity_components,27.831736866659064,0.3632461412538803,9,ok,
UGC00634,C:\Users\mincu\Desktop\topological_gravity_project\data\processed\sparc_normalized\UGC00634_normalized.csv,local_structural_coupling_v6,104.13562265005768,109.93115769614924,2.374213493483537,2.4685669600339506,0.5496853973934147,0.25138506640603087,0.39850987351396705,0.24091274202015212,0.31014474958243154,3.732636701694293,baryonic_velocity_components,55.23396787013327,0.5346625883873917,4,ok,
UGC00731,C:\Users\mincu\Desktop\topological_gravity_project\data\processed\sparc_normalized\UGC00731_normalized.csv,local_structural_coupling_v6,94.67014727408264,105.37041712472671,2.237155970526267,2.3916816881622993,0.4948623882105067,0.21519840533661397,0.32018068629323204,0.16644074120465663,0.23021240639799737,6.360547632791855,baryonic_velocity_components,35.28465048381587,0.5819012105761799,12,ok,
UGC00891,C:\Users\mincu\Desktop\topological_gravity_project\data\processed\sparc_normalized\UGC00891_normalized.csv,local_structural_coupling_v6,99.80687093624093,108.80147611767637,2.3073197975553574,2.4491773548754914,0.522927919022143,0.2367797552876131,0.35936205225783857,0.23944375826921468,0.3035527821567011,1.052503831800582,baryonic_velocity_components,28.99067760413434,0.4877481168238945,5,ok,
UGC01230,C:\Users\mincu\Desktop\topological_gravity_project\data\processed\sparc_normalized\UGC01230_normalized.csv,local_structural_coupling_v6,98.29932370692357,111.15514720166317,2.293481334891566,2.4898491361614674,0.5173925339566263,0.23509795395244482,0.3749750876351957,0.14709749337160166,0.2032267334380308,17.24407581980367,baryonic_velocity_components,47.573809013396726,0.445876176242097,11,ok,
UGC01281,C:\Users\mincu\Desktop\topological_gravity_project\data\processed\sparc_normalized\UGC01281_normalized.csv,local_structural_coupling_v6,94.70709787168079,107.26800121036175,2.2277734688280084,2.423228390164385,0.4911093875312034,0.214833928180595,0.34069207840155047,0.19415335912576898,0.4537933801221958,40.77592308401671,baryonic_velocity_components,19.857039201986144,0.5122768434902402,25,ok,
UGC02023,C:\Users\mincu\Desktop\topological_gravity_project\data\processed\sparc_normalized\UGC02023_normalized.csv,local_structural_coupling_v6,94.04025012014854,97.45278598175497,2.214716942624132,2.266021692658022,0.4858867770496529,0.2011617760997177,0.30635625117297066,0.1474574314447488,0.2445654845710886,64.14731080357147,baryonic_velocity_components,11.12559129435316,0.22682197863590664,5,ok,
UGC02259,C:\Users\mincu\Desktop\topological_gravity_project\data\processed\sparc_normalized\UGC02259_normalized.csv,local_structural_coupling_v6,98.29971404057389,109.4591340747186,2.2859589351246807,2.4604363593468257,0.5143835740498723,0.23685895793793205,0.3517517430606524,0.19390082303034983,0.29564712096316015,25.868972048513726,baryonic_velocity_components,43.73202272194272,0.5383677571831842,8,ok,
UGC02455,C:\Users\mincu\Desktop\topological_gravity_project\data\processed\sparc_normalized\UGC02455_normalized.csv,local_structural_coupling_v6,100.30750313092854,109.28178987139309,2.3154239373693306,2.457392381269083,0.5261695749477324,0.23959156116216312,0.3699995636502617,0.20820451402826629,0.29012714427253805,487.6942077945181,baryonic_velocity_components,30.712820538123758,0.9576609798199295,8,ok,
UGC02487,C:\Users\mincu\Desktop\topological_gravity_project\data\processed\sparc_normalized\UGC02487_normalized.csv,local_structural_coupling_v6,108.14232934377475,111.05391968808253,2.4397330549269998,2.4880772773049054,0.5758932219708,0.27577841245734347,0.4620473702330407,0.05517943992472687,0.08722184618638193,20.158502000408163,baryonic_velocity_components,115.64002555247639,0.31422971008018785,17,ok,
UGC02885,C:\Users\mincu\Desktop\topological_gravity_project\data\processed\sparc_normalized\UGC02885_normalized.csv,local_structural_coupling_v6,108.03062443786321,110.3488419776394,2.4370793209145334,2.4757967347792573,0.5748317283658136,0.2738241265553471,0.45960723733838466,0.052551851705703145,0.1032740890569503,11.306488199645628,baryonic_velocity_components,72.5951650808542,0.21913822720511159,19,ok,
UGC02916,C:\Users\mincu\Desktop\topological_gravity_project\data\processed\sparc_normalized\UGC02916_normalized.csv,local_structural_coupling_v6,106.06851771323886,110.73224570769759,2.406915074547288,2.482462610485897,0.5627660298189151,0.26749211695716235,0.48046440887110853,0.23177926377134914,0.29202995747459837,1453.9669163442668,baryonic_velocity_components,33.225952882665545,0.14601656305832425,43,ok,
UGC02953,C:\Users\mincu\Desktop\topological_gravity_project\data\processed\sparc_normalized\UGC02953_normalized.csv,local_structural_coupling_v6,105.13385208166537,111.03217639787255,2.389712248645167,2.4876971203912626,0.5558848994580669,0.25500003070275445,0.4679481539434168,0.19213948302695555,0.26973311918945175,2721.506422137538,baryonic_velocity_components,58.38598716813073,0.16550379489447056,115,ok,
UGC03205,C:\Users\mincu\Desktop\topological_gravity_project\data\processed\sparc_normalized\UGC03205_normalized.csv,local_structural_coupling_v6,103.2030675556724,111.16176880594277,2.361024462640216,2.489964271263603,0.5444097850560863,0.25141826816923624,0.4419199975222489,0.2085497051467873,0.31113070093974476,763.3423935946444,baryonic_velocity_components,48.3581062685356,0.20047704624782656,48,ok,
UGC03546,C:\Users\mincu\Desktop\topological_gravity_project\data\processed\sparc_normalized\UGC03546_normalized.csv,local_structural_coupling_v6,108.99754633284081,111.1859101156667,2.452792828724568,2.4903869760923536,0.5811171314898274,0.2797214809147949,0.5073292264279977,0.2633702143029743,0.31636150082903086,1488.0707733330019,baryonic_velocity_components,47.6850178699009,0.20386330780689715,30,ok,
UGC03580,C:\Users\mincu\Desktop\topological_gravity_project\data\processed\sparc_normalized\UGC03580_normalized.csv,local_structural_coupling_v6,105.32586370503464,110.9405318437935,2.393478025248385,2.4860958377854865,0.557391210099354,0.2590374163816243,0.47409862301324046,0.24229422880370347,0.33935542632420446,2297.266560534676,baryonic_velocity_components,36.55222187824274,0.3440432094161824,47,ok,
UGC04278,C:\Users\mincu\Desktop\topological_gravity_project\data\processed\sparc_normalized\UGC04278_normalized.csv,local_structural_coupling_v6,101.30246302800936,110.95176669708358,2.3287174050564414,2.486292053104716,0.5314869620225765,0.23547545329023367,0.3853569978223048,0.19284038349521646,0.29582510872130807,74.55950408391814,baryonic_velocity_components,27.62577685893127,0.3724564666762482,25,ok,
UGC04305,C:\Users\mincu\Desktop\topological_gravity_project\data\processed\sparc_normalized\UGC04305_normalized.csv,local_structural_coupling_v6,100.92337283707046,109.74614919044117,2.3222475950973323,2.465375198419041,0.528899038038933,0.23284483234688594,0.38178069931417313,0.22178962001703437,0.31901704957129196,89.4249036409856,baryonic_velocity_components,4.20325986129611,0.1733664891656272,22,ok,
UGC04325,C:\Users\mincu\Desktop\topological_gravity_project\data\processed\sparc_normalized\UGC04325_normalized.csv,local_structural_coupling_v6,94.92805739876474,107.79770615206341,2.23215766479991,2.4321446516937724,0.4928630659199642,0.22019879513457363,0.319065679291856,0.180787509468464,0.27191704869183686,63.03905408337962,baryonic_velocity_components,37.80218703001583,0.4542069532360787,8,ok,
UGC04483,C:\Users\mincu\Desktop\topological_gravity_project\data\processed\sparc_normalized\UGC04483_normalized.csv,local_structural_coupling_v6,97.00560758296234,104.52576618626517,2.261222071933059,2.377831140176012,0.5044888287732238,0.21696858671536418,0.33969009378867204,0.18761960692277108,0.25999822796627264,176.87087772542088,baryonic_velocity_components,8.21786566287542,0.31928497910816983,8,ok,
UGC04499,C:\Users\mincu\Desktop\topological_gravity_project\data\processed\sparc_normalized\UGC04499_normalized.csv,local_structural_coupling_v6,98.48319047048484,104.5159422338724,2.2834032783032305,2.3776707211514174,0.5133613113212923,0.21914937504998006,0.3518478942212027,0.2180343274586124,0.2490459968903346,16.114817064761255,baryonic_velocity_components,26.275814868574695,0.3674720011944763,9,ok,
UGC05005,C:\Users\mincu\Desktop\topological_gravity_project\data\processed\sparc_normalized\UGC05005_normalized.csv,local_structural_coupling_v6,96.71504205532646,107.87537229853186,2.280514927428707,2.4334563508193083,0.5122059709714827,0.23109615387215818,0.3606732972851876,0.14886919751948083,0.2347629501597964,10.919062601896751,baryonic_velocity_components,36.82483142392809,0.36130412396629813,11,ok,
UGC05253,C:\Users\mincu\Desktop\topological_gravity_project\data\processed\sparc_normalized\UGC05253_normalized.csv,local_structural_coupling_v6,105.9284860299297,110.71573312651086,2.40266693682146,2.4821749357211176,0.5610667747285839,0.26167122189471753,0.4886301299701994,0.22597788705263314,0.28779212572012247,4972.402752782878,baryonic_velocity_components,37.172165008289774,0.10094248194040256,73,ok,
UGC05414,C:\Users\mincu\Desktop\topological_gravity_project\data\processed\sparc_normalized\UGC05414_normalized.csv,local_structural_coupling_v6,92.75583485899013,99.99300354555169,2.196830906455539,2.3053679797519018,0.4787323625822157,0.20366227000007522,0.2968880682576009,0.1579080693735122,0.2207978094067734,55.364117944646516,baryonic_velocity_components,14.777847727321541,0.21307088481280503,6,ok,
UGC05716,C:\Users\mincu\Desktop\topological_gravity_project\data\processed\sparc_normalized\UGC05716_normalized.csv,local_structural_coupling_v6,101.20274579042443,110.08335023959634,2.3269430037371133,2.4711974393160996,0.5307772014948454,0.23410595424384614,0.3803891123285288,0.22436273594538994,0.27168313735641375,4.781384318455537,baryonic_velocity_components,38.54238826416406,0.5753955416356843,12,ok,
UGC05721,C:\Users\mincu\Desktop\topological_gravity_project\data\processed\sparc_normalized\UGC05721_normalized.csv,local_structural_coupling_v6,104.17217162079821,110.7549207918987,2.376248383720705,2.4828577319696596,0.5504993534882819,0.2569483075397568,0.436428944179601,0.2470548845548586,0.30054757421270384,602.5481937474765,baryonic_velocity_components,41.81031130631904,0.502432741021689,23,ok,
UGC05750,C:\Users\mincu\Desktop\topological_gravity_project\data\processed\sparc_normalized\UGC05750_normalized.csv,local_structural_coupling_v6,93.5984306644818,105.85116285831917,2.2104063243222005,2.3996168116626357,0.48416252972888035,0.20899944105534524,0.33642533567538657,0.12708131468571873,0.375147206600958,3.59825454445056,baryonic_velocity_components,21.227859036816586,0.3441327848447519,11,ok,
UGC05764,C:\Users\mincu\Desktop\topological_gravity_project\data\processed\sparc_normalized\UGC05764_normalized.csv,local_structural_coupling_v6,94.1960920038757,108.03351245236412,2.2210137112057353,2.436129765821011,0.48840548448229415,0.21679404749386116,0.31590434152191416,0.19246549142916894,0.2736128659958979,26.11941754260336,baryonic_velocity_components,28.85067088717758,0.6175397628609186,10,ok,
UGC05829,C:\Users\mincu\Desktop\topological_gravity_project\data\processed\sparc_normalized\UGC05829_normalized.csv,local_structural_coupling_v6,92.66672366483566,97.41668040429003,2.1972230927624916,2.2654684914774044,0.47888923710499665,0.2008071102879059,0.3002245454220214,0.16039014789612588,0.23416728458225355,9.726248684761117,baryonic_velocity_components,19.5122789194108,0.40655500952732776,11,ok,
UGC05918,C:\Users\mincu\Desktop\topological_gravity_project\data\processed\sparc_normalized\UGC05918_normalized.csv,local_structural_coupling_v6,89.09569453183428,92.97634359844183,2.142597595286184,2.198632828028383,0.4570390381144737,0.2,0.2703069477964468,0.15478832766983952,0.21426802835792286,6.369840084040396,baryonic_velocity_components,18.753915373195028,0.5131263239177438,8,ok,
UGC05986,C:\Users\mincu\Desktop\topological_gravity_project\data\processed\sparc_normalized\UGC05986_normalized.csv,local_structural_coupling_v6,100.50324314404658,111.18792308352982,2.321522345321104,2.4904222275584713,0.5286089381284413,0.2480587806338172,0.37880930060975465,0.24563248275924054,0.2990982330177556,28.375917754443876,baryonic_velocity_components,47.29422791439584,0.40684291788011623,15,ok,
UGC05999,C:\Users\mincu\Desktop\topological_gravity_project\data\processed\sparc_normalized\UGC05999_normalized.csv,local_structural_coupling_v6,96.47266355197357,99.56785014423541,2.251740765446624,2.2987227701738444,0.5006963061786498,0.20930919012977336,0.32554965334356306,0.14828244231319448,0.2084257955529276,8.315520479402101,baryonic_velocity_components,40.59295061293996,0.42774256947948863,5,ok,
UGC06399,C:\Users\mincu\Desktop\topological_gravity_project\data\processed\sparc_normalized\UGC06399_normalized.csv,local_structural_coupling_v6,94.92564981032052,107.48197257733368,2.232355633862287,2.426824147806727,0.49294225354491494,0.22053425279821842,0.3197628736804829,0.1846336854968428,0.2640778541639429,35.15873915330968,baryonic_velocity_components,32.67242743397833,0.38430556839612584,9,ok,
UGC06446,C:\Users\mincu\Desktop\topological_gravity_project\data\processed\sparc_normalized\UGC06446_normalized.csv,local_structural_coupling_v6,98.4838864689169,109.72020446284304,2.2849198078096964,2.464928116736302,0.5139679231238785,0.22372841931468546,0.3582810612028246,0.21623737488807762,0.2771910618550416,7.785573163948975,baryonic_velocity_components,41.81441724591044,0.5510862478692988,17,ok,
UGC06614,C:\Users\mincu\Desktop\topological_gravity_project\data\processed\sparc_normalized\UGC06614_normalized.csv,local_structural_coupling_v6,108.9410011063026,111.35734139410947,2.4521942436009767,2.493391982337428,0.5808776974403909,0.2796547980800991,0.4967543478221367,0.1818364883021991,0.3967500285521326,31.332139862631095,baryonic_velocity_components,54.41572706315436,0.20821343721757926,13,ok,
UGC06628,C:\Users\mincu\Desktop\topological_gravity_project\data\processed\sparc_normalized\UGC06628_normalized.csv,local_structural_coupling_v6,90.00985708905525,93.41418560972488,2.15549886583995,2.205122153744587,0.4621995463359801,0.19999999999999998,0.2764169879939812,0.18642975708047577,0.20589573956963855,10.317965934512813,baryonic_velocity_components,4.9671562685378925,0.09873990593383161,7,ok,
UGC06667,C:\Users\mincu\Desktop\topological_gravity_project\data\processed\sparc_normalized\UGC06667_normalized.csv,local_structural_coupling_v6,94.11700664739884,102.51554270311767,2.2175378115168467,2.3453184752228644,0.4870151246067387,0.20856033885975772,0.3176703481358141,0.16152655583139072,0.24935105085327122,8.343898889979506,baryonic_velocity_components,44.882493825039774,0.6520468423319615,9,ok,
UGC06786,C:\Users\mincu\Desktop\topological_gravity_project\data\processed\sparc_normalized\UGC06786_normalized.csv,local_structural_coupling_v6,104.5304391427806,110.9822002614775,2.381743906216749,2.4868236956827205,0.5526975624866998,0.2570745941383459,0.4573941305693544,0.22745255706549,0.4214970276318848,1099.4537887886227,baryonic_velocity_components,65.58258442645268,0.2535303548079941,45,ok,
UGC06787,C:\Users\mincu\Desktop\topological_gravity_project\data\processed\sparc_normalized\UGC06787_normalized.csv,local_structural_coupling_v6,107.94630439542696,110.96587424169704,2.4362431631206527,2.4865384746171375,0.5744972652482612,0.27511597481571043,0.5006539468178615,0.23738425059078913,0.316174138527696,1950.2651042962339,baryonic_velocity_components,70.06007013044399,0.2452715106775529,71,ok,
UGC06818,C:\Users\mincu\Desktop\topological_gravity_project\data\processed\sparc_normalized\UGC06818_normalized.csv,local_structural_coupling_v6,100.10890683014394,108.4562479108045,2.3118263157187107,2.443298814485187,0.5247305262874842,0.23764298328757782,0.36783348017466944,0.23871702334670925,0.2785202227600337,12.77784065947607,baryonic_velocity_components,24.21280613350485,0.3057563977204054,8,ok,
UGC06917,C:\Users\mincu\Desktop\topological_gravity_project\data\processed\sparc_normalized\UGC06917_normalized.csv,local_structural_coupling_v6,99.8787585657898,104.33776698384065,2.304500263918998,2.3747638889771716,0.5218001055675993,0.2240131431608735,0.3634030406646654,0.21278301230362856,0.23174498910255512,21.685903124180584,baryonic_velocity_components,37.746303308670136,0.3676427969927771,11,ok,
UGC06923,C:\Users\mincu\Desktop\topological_gravity_project\data\processed\sparc_normalized\UGC06923_normalized.csv,local_structural_coupling_v6,101.75568952388831,106.28414221876692,2.334443940880584,2.4067963324919712,0.5337775763522336,0.23497100225057854,0.37546818279330557,0.23961724253229455,0.25724417694353785,111.48141808293241,baryonic_velocity_components,21.23509213437484,0.25552750226829485,6,ok,
UGC06930,C:\Users\mincu\Desktop\topological_gravity_project\data\processed\sparc_normalized\UGC06930_normalized.csv,local_structural_coupling_v6,102.58360449681797,111.15062695470407,2.349545750912168,2.4897692205830224,0.5398183003648672,0.2417413624670604,0.38924406879386864,0.2198914825423303,0.26408221248331376,11.899118825047594,baryonic_velocity_components,39.45197186087514,0.3724502864176937,10,ok,
UGC06973,C:\Users\mincu\Desktop\topological_gravity_project\data\processed\sparc_normalized\UGC06973_normalized.csv,local_structural_coupling_v6,110.06966337345516,111.02913968672709,2.4712271874333873,2.487644034309947,0.588490874973355,0.28760653194594143,0.46245381027060595,0.30049678632058513,0.3292425587629393,1801.0069872952217,baryonic_velocity_components,59.865135516360475,0.24876358338580543,9,ok,
UGC06983,C:\Users\mincu\Desktop\topological_gravity_project\data\processed\sparc_normalized\UGC06983_normalized.csv,local_structural_coupling_v6,104.95466447899508,110.56781683604305,2.3861570710789817,2.4796003636849004,0.5544628284315926,0.253915393678089,0.4178782157315867,0.23310445843255176,0.26584682390795683,8.353335993791276,baryonic_velocity_components,49.77014230046415,0.46224772772859946,17,ok,
UGC07089,C:\Users\mincu\Desktop\topological_gravity_project\data\processed\sparc_normalized\UGC07089_normalized.csv,local_structural_coupling_v6,99.06474663928707,108.19633644913053,2.2944572615784353,2.4388872584533265,0.5177829046313741,0.2303153204739574,0.35417745850498966,0.2000603823167377,0.2566684680608311,45.62680699491101,baryonic_velocity_components,20.221990436118904,0.23351070227862958,12,ok,
UGC07125,C:\Users\mincu\Desktop\topological_gravity_project\data\processed\sparc_normalized\UGC07125_normalized.csv,local_structural_coupling_v6,100.09310104274131,111.42676205505438,2.313776308866766,2.4946105084704007,0.5255105235467065,0.23747620216696028,0.3724131749152818,0.1977267387568265,0.2712608184825135,6.072917832254653,baryonic_velocity_components,19.005592761886145,0.289433835800882,13,ok,
UGC07151,C:\Users\mincu\Desktop\topological_gravity_project\data\processed\sparc_normalized\UGC07151_normalized.csv,local_structural_coupling_v6,96.27155808813308,104.32850213120194,2.250464297195956,2.374612875497811,0.5001857188783824,0.21560819559562908,0.33440915173290303,0.18863574241280992,0.24831364242707846,142.10749690245837,baryonic_velocity_components,20.35111403354596,0.2716669806806096,11,ok,
UGC07232,C:\Users\mincu\Desktop\topological_gravity_project\data\processed\sparc_normalized\UGC07232_normalized.csv,local_structural_coupling_v6,94.79758062306205,101.08889041669413,2.228581265464278,2.322612253364065,0.4914325061857111,0.21336570783269362,0.309423861254163,0.1445859304220466,0.25222154423792104,587.236210576412,baryonic_velocity_components,10.946409716196685,0.1973798633597751,4,ok,
UGC07261,C:\Users\mincu\Desktop\topological_gravity_project\data\processed\sparc_normalized\UGC07261_normalized.csv,local_structural_coupling_v6,102.11016948770342,108.58316697898414,2.3421550275959055,2.4454574762332415,0.5368620110383625,0.24260652539522498,0.3870138429638715,0.19853951266492656,0.2893976017481746,103.81136728319454,baryonic_velocity_components,25.68968179478094,0.33811689820558033,7,ok,
UGC07323,C:\Users\mincu\Desktop\topological_gravity_project\data\processed\sparc_normalized\UGC07323_normalized.csv,local_structural_coupling_v6,88.05420360580231,100.69869119477374,2.1290430806930947,2.3164529959826035,0.4516172322772379,0.20389274315546962,0.26333187774561273,0.1632191351121946,0.21707643578458702,48.85225568833044,baryonic_velocity_components,14.919776128900523,0.16129128828926423,10,ok,
UGC07399,C:\Users\mincu\Desktop\topological_gravity_project\data\processed\sparc_normalized\UGC07399_normalized.csv,local_structural_coupling_v6,102.37898843482617,106.04833850198256,2.344860387712557,2.402882427535076,0.5379441550850228,0.2404079570969074,0.3920614688045817,0.2428410088392396,0.2628903899685855,48.97733884048492,baryonic_velocity_components,56.09230974158722,0.5949729045540573,10,ok,
UGC07524,C:\Users\mincu\Desktop\topological_gravity_project\data\processed\sparc_normalized\UGC07524_normalized.csv,local_structural_coupling_v6,88.55855860303994,100.67097102976014,2.138228904756859,2.3160162536098783,0.4552915619027436,0.20284822687868204,0.27379564389585787,0.10632060709946996,0.2197863246379541,6.86911439891409,baryonic_velocity_components,28.290687599232076,0.4160412764248285,31,ok,
UGC07559,C:\Users\mincu\Desktop\topological_gravity_project\data\processed\sparc_normalized\UGC07559_normalized.csv,local_structural_coupling_v6,91.06049590765043,96.80313671653144,2.171543407632133,2.256092957743134,0.4686173630528533,0.2003579884427911,0.28601898634873424,0.16278057686682176,0.21999575454265716,44.209597630770716,baryonic_velocity_components,8.259841134660455,0.25559834522065733,7,ok,
UGC07577,C:\Users\mincu\Desktop\topological_gravity_project\data\processed\sparc_normalized\UGC07577_normalized.csv,local_structural_coupling_v6,94.65425888273857,106.28341984973122,2.2279628804383065,2.406784328246669,0.4911851521753225,0.213328676745453,0.3187038482962595,0.18438433310124613,0.2735835038450357,47.02284000209289,baryonic_velocity_components,2.6290258025754945,0.22338260088498563,9,ok,
UGC07603,C:\Users\mincu\Desktop\topological_gravity_project\data\processed\sparc_normalized\UGC07603_normalized.csv,local_structural_coupling_v6,102.5906512673168,110.47763020594194,2.3525022048059405,2.478032688216444,0.5410008819223763,0.25218089254904097,0.397702911096008,0.25463530819808516,0.3004830220160088,52.09025291075454,baryonic_velocity_components,29.745373373697717,0.46622806361101876,12,ok,
UGC07608,C:\Users\mincu\Desktop\topological_gravity_project\data\processed\sparc_normalized\UGC07608_normalized.csv,local_structural_coupling_v6,82.98482991669364,84.52261200453775,2.056917589488039,2.0862776507487624,0.4227670357952156,0.2,0.22543594708387366,0.11326436119460453,0.19700352629249399,2.3365918665601333,baryonic_velocity_components,31.042570557082964,0.5684609236974715,8,ok,
UGC07690,C:\Users\mincu\Desktop\topological_gravity_project\data\processed\sparc_normalized\UGC07690_normalized.csv,local_structural_coupling_v6,106.35581531124453,110.54533235612219,2.409966333792673,2.4792093786530263,0.5639865335170692,0.26389390665704254,0.4311318067705745,0.2736942951394756,0.3109981480900863,226.43606458413956,baryonic_velocity_components,19.398139401070043,0.31780922368200554,7,ok,
UGC07866,C:\Users\mincu\Desktop\topological_gravity_project\data\processed\sparc_normalized\UGC07866_normalized.csv,local_structural_coupling_v6,90.26055951859355,99.35975265255466,2.161654526032055,2.295479130415794,0.46466181041282206,0.20314027156745357,0.27751921034131494,0.1644428985999782,0.2131186731918411,16.48923798540365,baryonic_velocity_components,9.27087187925447,0.32903430294485003,7,ok,
UGC08286,C:\Users\mincu\Desktop\topological_gravity_project\data\processed\sparc_normalized\UGC08286_normalized.csv,local_structural_coupling_v6,99.2405511157529,110.53799052468945,2.300403923417557,2.4790817319152088,0.5201615693670227,0.23920147752395535,0.36568839693100386,0.22025723566760097,0.28780337133003286,34.72122306095855,baryonic_velocity_components,41.09166291772327,0.5158330688200029,17,ok,
UGC08490,C:\Users\mincu\Desktop\topological_gravity_project\data\processed\sparc_normalized\UGC08490_normalized.csv,local_structural_coupling_v6,106.4055447493744,111.02635372662611,2.4123054710401486,2.4875953333095717,0.5649221884160596,0.26893428722646734,0.4429367544947785,0.26728547933275687,0.29910104272679605,24.382927058787345,baryonic_velocity_components,43.60768346340762,0.5514024452738054,30,ok,
UGC08550,C:\Users\mincu\Desktop\topological_gravity_project\data\processed\sparc_normalized\UGC08550_normalized.csv,local_structural_coupling_v6,98.0794833201392,110.3369910844196,2.2907674366567514,2.4755911459749824,0.5163069746627005,0.2330361177908352,0.36009724404982596,0.21028875187873436,0.30989343562684823,80.54640764471127,baryonic_velocity_components,27.74733241345331,0.5053445639156858,11,ok,
UGC08699,C:\Users\mincu\Desktop\topological_gravity_project\data\processed\sparc_normalized\UGC08699_normalized.csv,local_structural_coupling_v6,105.92483181071498,110.9715984816028,2.40350795136133,2.4866384730724738,0.5614031805445321,0.26291362631260223,0.47161685112719304,0.24110312899329306,0.4654863740836248,503.8189313679815,baryonic_velocity_components,46.370221836465866,0.22314220001556018,41,ok,
UGC08837,C:\Users\mincu\Desktop\topological_gravity_project\data\processed\sparc_normalized\UGC08837_normalized.csv,local_structural_coupling_v6,89.40862111722483,97.14683637740796,2.1476712534859193,2.2613392102323586,0.4590685013943677,0.20051283601423003,0.27180119385566504,0.16045730008082015,0.21651724875565176,17.06160957911655,baryonic_velocity_components,9.77246918665229,0.2830747365253318,8,ok,
UGC09037,C:\Users\mincu\Desktop\topological_gravity_project\data\processed\sparc_normalized\UGC09037_normalized.csv,local_structural_coupling_v6,106.33622388780749,110.5480927052741,2.4092930893405704,2.4792573733996988,0.5637172357362285,0.26329712027080265,0.43557987642784873,0.19046957473974055,0.2286727758675669,17.544576331354335,baryonic_velocity_components,29.684555106269602,0.2118522310911262,22,ok,
UGC09133,C:\Users\mincu\Desktop\topological_gravity_project\data\processed\sparc_normalized\UGC09133_normalized.csv,local_structural_coupling_v6,107.68614573815762,110.83586037523048,2.43204387645784,2.484268949427715,0.5728175505831362,0.27340443118427527,0.49551673710617694,0.15954978057115685,0.2771168082437297,915.8706572627748,baryonic_velocity_components,57.74087573093185,0.190623661536016,68,ok,
UGC09992,C:\Users\mincu\Desktop\topological_gravity_project\data\processed\sparc_normalized\UGC09992_normalized.csv,local_structural_coupling_v6,98.47986915160652,104.8792836916984,2.2835970051772096,2.3836141153830104,0.5134388020708838,0.22053483308451724,0.3456067372907673,0.22411760939880843,0.25718598787671076,17.168130800404853,baryonic_velocity_components,9.02803858638488,0.2822567148424343,5,ok,
UGC10310,C:\Users\mincu\Desktop\topological_gravity_project\data\processed\sparc_normalized\UGC10310_normalized.csv,local_structural_coupling_v6,95.77845732386807,105.50726826291066,2.2432549153644623,2.393936662307821,0.4973019661457849,0.21580425684213048,0.324147070726181,0.17225145281096216,0.2621758354466809,31.95467685918442,baryonic_velocity_components,24.892153008388732,0.36606003188737063,7,ok,
UGC11455,C:\Users\mincu\Desktop\topological_gravity_project\data\processed\sparc_normalized\UGC11455_normalized.csv,local_structural_coupling_v6,99.75311975273834,111.23770676873403,2.3075846766862425,2.4912943031521917,0.5230338706744972,0.23794193830674992,0.391520244472288,0.12177447448862032,0.2165188297724292,383.7320716118494,baryonic_velocity_components,40.23844207981732,0.21011385334853863,36,ok,
UGC11557,C:\Users\mincu\Desktop\topological_gravity_project\data\processed\sparc_normalized\UGC11557_normalized.csv,local_structural_coupling_v6,94.12976032341238,110.00314356698577,2.2209634708484933,2.4698106079119944,0.4883853883393974,0.21899110723554913,0.32737858868570624,0.19162139059868713,0.31113753389482784,134.42371495096424,baryonic_velocity_components,19.747467349928176,0.8282219022964538,12,ok,
UGC11820,C:\Users\mincu\Desktop\topological_gravity_project\data\processed\sparc_normalized\UGC11820_normalized.csv,local_structural_coupling_v6,99.09585603985975,106.79953075348872,2.2930347063218908,2.415383513061866,0.5172138825287564,0.22234644822491187,0.38280922516477156,0.19330647008953458,0.2458094471314609,41.45450917282299,baryonic_velocity_components,28.90054585794796,0.4108004030354726,10,ok,
UGC11914,C:\Users\mincu\Desktop\topological_gravity_project\data\processed\sparc_normalized\UGC11914_normalized.csv,local_structural_coupling_v6,104.05019490234811,110.31761529637082,2.3714920769644805,2.475255073666574,0.5485968307857921,0.2475821711327473,0.43419203322671096,0.24687256443164537,0.3013082349709501,403.62058464271195,baryonic_velocity_components,27.075784975503936,0.08710048826699594,65,ok,
UGC12506,C:\Users\mincu\Desktop\topological_gravity_project\data\processed\sparc_normalized\UGC12506_normalized.csv,local_structural_coupling_v6,102.29550970963109,110.24516962661019,2.3475804552622863,2.473999143738877,0.5390321821049143,0.2508663149791858,0.4002551726380142,0.08075524761904347,0.2632664110305338,52.41111145577409,baryonic_velocity_components,83.24059930025084,0.3661991267557066,31,ok,
UGC12632,C:\Users\mincu\Desktop\topological_gravity_project\data\processed\sparc_normalized\UGC12632_normalized.csv,local_structural_coupling_v6,89.44826854554357,98.6414091097656,2.1562637419991457,2.2843267934118434,0.46250549679965824,0.20156708353618763,0.2762616318489532,0.14962629099874067,0.1928655115065552,5.043067234057826,baryonic_velocity_components,31.103692272877012,0.49804286466780795,15,ok,
UGC12732,C:\Users\mincu\Desktop\topological_gravity_project\data\processed\sparc_normalized\UGC12732_normalized.csv,local_structural_coupling_v6,93.64539170639816,103.86446348051246,2.2158422561985875,2.3670665013863545,0.48633690247943506,0.21295568929464007,0.32152051104778145,0.1174702037751052,0.22949858492281883,9.969413200736208,baryonic_velocity_components,40.73934774374876,0.5131025430078408,16,ok,
UGCA281,C:\Users\mincu\Desktop\topological_gravity_project\data\processed\sparc_normalized\UGCA281_normalized.csv,local_structural_coupling_v6,99.46037619955068,106.4527561053052,2.298330124845159,2.409600746216647,0.5193320499380638,0.22220731745754804,0.36375057061872723,0.1964785264412039,0.3566763100466581,383.5472544916239,baryonic_velocity_components,7.742936211727687,0.273348284705811,7,ok,
UGCA442,C:\Users\mincu\Desktop\topological_gravity_project\data\processed\sparc_normalized\UGCA442_normalized.csv,local_structural_coupling_v6,100.58166775257959,111.40765731943017,2.336700529279402,2.494275071635343,0.534680211711761,0.24497919881115499,0.3781080536789527,0.21563472504854664,0.33811090063164423,28.963731667765305,baryonic_velocity_components,28.30737758220572,0.5367773766969726,8,ok,
UGCA444,C:\Users\mincu\Desktop\topological_gravity_project\data\processed\sparc_normalized\UGCA444_normalized.csv,local_structural_coupling_v6,102.16402569935521,111.64595985758977,2.343307416597892,2.498464340085172,0.5373229666391567,0.24318470249881477,0.39711686746857544,0.22811609245985837,0.3056819359546287,64.70672356900573,baryonic_velocity_components,15.374136029923712,0.5386341988578688,36,ok,
