r_kpc,v_obs_kms,v_vis_kms,v_err_kms,galaxy,v_gas_kmps,v_disk_kmps,v_bul_kmps,a_obs_kmps2_per_kpc,matched_sparc_name,matched_sparc_name_norm,included_source_catalog,secondary_source_catalog,duplicate_flag,duplicate_status,source_object_name_primary,source_object_name_secondary,structure_2014_Name,structure_2014_preferred_name,structure_2014_catalog_name_normalized,structure_2014_RAJ2000,structure_2014_DEJ2000,structure_2014_Band,structure_2014_h,structure_2014_e_h,structure_2014_z0,structure_2014_e_z0,structure_2014_z0_over_h,structure_2014_h_over_z0,structure_2014_S0,structure_2014_e_S0,structure_2014_gradz0,structure_2014_mag,structure_2014_B/T,structure_2014_Type,structure_2014_RV,structure_2014_AName,structure_2014_NED,structure_2014_thickness_flag,structure_2014_biz_name,structure_2014_biz_name_norm,structure_2014_biz_catalog_token,structure_2014_RA_match_deg,structure_2014_DE_match_deg,structure_2014_biz_aname_norm,structure_2014_biz_aname_token,structure_2014_biz_ned_norm,structure_2014_biz_ned_token,structure_2014_matched,structure_2014_match_reason,structure_2014_matched_sparc_name,structure_2014_matched_sparc_index,structure_2014_matched_sep_deg,structure_2014___source_catalog__,h_kpc,segment_index,Dw_i,sigma_i,beta_i,source_core_i,info_source_i,I_struct_i,g_topo_km2s2_per_kpc,v_struct_kms,v_topo_total_kms,rotation_residual_topo_kms,rotation_residual_vis_only_kms,r_scale,sigma_scale
3.44,285.0,289.9312589218348,14.4,NGC2841,-0.57,163.4,239.5,23611.918604651164,NGC2841,NGC2841,Bizyaev_2014,,False,unique_to_2014,PGC26549,,EON_140.660_50.765,PGC26549,PGC26549,140.659882,50.76506,r,5.8,0.14,2.04,0.3,0.3517241379310345,2.8431372549019605,21.01,0.22,0.143,15.32,0.22,SB,8070.0,PGC026549,NED,thick_like,PGC26549,PGC26549,PGC26549,140.659882,50.76506,PGC026549,PGC26549,NED,,True,coord_review,NGC2841,46.0,0.2313387107923883,Bizyaev_2014,0.35,1,2.02544875488733,0.0,1.0,0.025448754887329894,0.025448754887329894,0.07812767750410277,2.8395425690759415e-08,0.0003125384206401069,289.9312589220033,-4.9312589220032805,-4.931258921834797,2.917770732084279,0.3427274079501306
3.77,297.0,286.07929722368937,13.6,NGC2841,-0.57,171.13,229.25,23397.61273209549,NGC2841,NGC2841,Bizyaev_2014,,False,unique_to_2014,PGC26549,,EON_140.660_50.765,PGC26549,PGC26549,140.659882,50.76506,r,5.8,0.14,2.04,0.3,0.3517241379310345,2.8431372549019605,21.01,0.22,0.143,15.32,0.22,SB,8070.0,PGC026549,NED,thick_like,PGC26549,PGC26549,PGC26549,140.659882,50.76506,PGC026549,PGC26549,NED,,True,coord_review,NGC2841,46.0,0.2313387107923883,Bizyaev_2014,0.35,1,2.02544875488733,0.0,1.0,0.025448754887329894,0.025448754887329894,0.07812767750410277,2.3641910479505982e-08,0.0002985464829934152,286.0792972238451,10.920702776154883,10.920702776310634,2.917770732084279,0.3427274079501306
4.13,303.0,284.22515177232293,8.47,NGC2841,-0.43,180.88,219.24,22229.78208232445,NGC2841,NGC2841,Bizyaev_2014,,False,unique_to_2014,PGC26549,,EON_140.660_50.765,PGC26549,PGC26549,140.659882,50.76506,r,5.8,0.14,2.04,0.3,0.3517241379310345,2.8431372549019605,21.01,0.22,0.143,15.32,0.22,SB,8070.0,PGC026549,NED,thick_like,PGC26549,PGC26549,PGC26549,140.659882,50.76506,PGC026549,PGC26549,NED,,True,coord_review,NGC2841,46.0,0.2313387107923883,Bizyaev_2014,0.35,1,2.02544875488733,0.0,1.0,0.025448754887329894,0.025448754887329894,0.07812767750410277,1.9699951893613177e-08,0.00028523814843148596,284.22515177246606,18.774848227533937,18.77484822767707,2.917770732084279,0.3427274079501306
4.47,306.0,282.78312361242496,5.93,NGC2841,-0.1,188.37,210.91,20947.65100671141,NGC2841,NGC2841,Bizyaev_2014,,False,unique_to_2014,PGC26549,,EON_140.660_50.765,PGC26549,PGC26549,140.659882,50.76506,r,5.8,0.14,2.04,0.3,0.3517241379310345,2.8431372549019605,21.01,0.22,0.143,15.32,0.22,SB,8070.0,PGC026549,NED,thick_like,PGC26549,PGC26549,PGC26549,140.659882,50.76506,PGC026549,PGC26549,NED,,True,coord_review,NGC2841,46.0,0.2313387107923883,Bizyaev_2014,0.35,1,2.02544875488733,0.0,1.0,0.025448754887329894,0.025448754887329894,0.07812767750410277,1.6817065770519378e-08,0.0002741756444220048,282.78312361255786,23.21687638744214,23.21687638757504,2.917770732084279,0.3427274079501306
4.8,307.0,281.6261658653187,5.93,NGC2841,-0.19,194.64,203.54,19635.208333333336,NGC2841,NGC2841,Bizyaev_2014,,False,unique_to_2014,PGC26549,,EON_140.660_50.765,PGC26549,PGC26549,140.659882,50.76506,r,5.8,0.14,2.04,0.3,0.3517241379310345,2.8431372549019605,21.01,0.22,0.143,15.32,0.22,SB,8070.0,PGC026549,NED,thick_like,PGC26549,PGC26549,PGC26549,140.659882,50.76506,PGC026549,PGC26549,NED,,True,coord_review,NGC2841,46.0,0.2313387107923883,Bizyaev_2014,0.35,1,2.02544875488733,0.0,1.0,0.025448754887329894,0.025448754887329894,0.07812767750410277,1.4584206139503932e-08,0.0002645830483413835,281.626165865443,25.373834134557,25.373834134681317,2.917770732084279,0.3427274079501306
5.13,304.0,281.0518416591501,8.47,NGC2841,-0.28,200.57,196.88,18014.81481481481,NGC2841,NGC2841,Bizyaev_2014,,False,unique_to_2014,PGC26549,,EON_140.660_50.765,PGC26549,PGC26549,140.659882,50.76506,r,5.8,0.14,2.04,0.3,0.3517241379310345,2.8431372549019605,21.01,0.22,0.143,15.32,0.22,SB,8070.0,PGC026549,NED,thick_like,PGC26549,PGC26549,PGC26549,140.659882,50.76506,PGC026549,PGC26549,NED,,True,coord_review,NGC2841,46.0,0.2313387107923883,Bizyaev_2014,0.35,1,2.02544875488733,0.0,1.0,0.025448754887329894,0.025448754887329894,0.07812767750410277,1.2768225340149128e-08,0.0002559316236711771,281.05184165926664,22.948158340733357,22.948158340849886,2.917770732084279,0.3427274079501306
5.48,308.0,281.0117926351134,8.47,NGC2841,-0.38,206.64,190.44,17310.948905109486,NGC2841,NGC2841,Bizyaev_2014,,False,unique_to_2014,PGC26549,,EON_140.660_50.765,PGC26549,PGC26549,140.659882,50.76506,r,5.8,0.14,2.04,0.3,0.3517241379310345,2.8431372549019605,21.01,0.22,0.143,15.32,0.22,SB,8070.0,PGC026549,NED,thick_like,PGC26549,PGC26549,PGC26549,140.659882,50.76506,PGC026549,PGC26549,NED,,True,coord_review,NGC2841,46.0,0.2313387107923883,Bizyaev_2014,0.35,1,2.02544875488733,0.0,1.0,0.025448754887329894,0.025448754887329894,0.07812767750410277,1.1189331792256198e-08,0.00024762378363469846,281.0117926352225,26.98820736477751,26.98820736488659,2.917770732084279,0.3427274079501306
5.83,313.0,280.55263213878425,12.7,NGC2841,-0.48,211.29,184.57,16804.288164665522,NGC2841,NGC2841,Bizyaev_2014,,False,unique_to_2014,PGC26549,,EON_140.660_50.765,PGC26549,PGC26549,140.659882,50.76506,r,5.8,0.14,2.04,0.3,0.3517241379310345,2.8431372549019605,21.01,0.22,0.143,15.32,0.22,SB,8070.0,PGC026549,NED,thick_like,PGC26549,PGC26549,PGC26549,140.659882,50.76506,PGC026549,PGC26549,NED,,True,coord_review,NGC2841,46.0,0.2313387107923883,Bizyaev_2014,0.35,1,2.02544875488733,0.0,1.0,0.025448754887329894,0.025448754887329894,0.07812767750410277,9.886171940079573e-09,0.00024007578472362413,280.55263213888696,32.44736786111304,32.44736786121575,2.917770732084279,0.3427274079501306
6.16,314.0,280.233626461922,9.32,NGC2841,-0.53,215.14,179.57,16005.844155844155,NGC2841,NGC2841,Bizyaev_2014,,False,unique_to_2014,PGC26549,,EON_140.660_50.765,PGC26549,PGC26549,140.659882,50.76506,r,5.8,0.14,2.04,0.3,0.3517241379310345,2.8431372549019605,21.01,0.22,0.143,15.32,0.22,SB,8070.0,PGC026549,NED,thick_like,PGC26549,PGC26549,PGC26549,140.659882,50.76506,PGC026549,PGC26549,NED,,True,coord_review,NGC2841,46.0,0.2313387107923883,Bizyaev_2014,0.35,1,2.02544875488733,0.0,1.0,0.025448754887329894,0.025448754887329894,0.07812767750410277,8.855311536888878e-09,0.00023355667206747808,280.2336264620193,33.76637353798071,33.76637353807803,2.917770732084279,0.3427274079501306
6.86,317.0,284.37957257862246,8.47,NGC2841,8.02,227.72,170.15,14648.542274052475,NGC2841,NGC2841,Bizyaev_2014,,False,unique_to_2014,PGC26549,,EON_140.660_50.765,PGC26549,PGC26549,140.659882,50.76506,r,5.8,0.14,2.04,0.3,0.3517241379310345,2.8431372549019605,21.01,0.22,0.143,15.32,0.22,SB,8070.0,PGC026549,NED,thick_like,PGC26549,PGC26549,PGC26549,140.659882,50.76506,PGC026549,PGC26549,NED,,True,coord_review,NGC2841,46.0,0.2313387107923883,Bizyaev_2014,0.35,2,2.012785294331137,0.012663460556193051,0.9637252122127644,0.025448754887329894,0.024525606704342628,0.15342129008643463,1.4021605809349152e-08,0.00031014225099482205,284.37957257879157,32.62042742120843,32.62042742137754,2.917770732084279,0.3427274079501306
7.18,320.0,285.497386678057,7.63,NGC2841,12.15,231.73,166.32,14261.838440111422,NGC2841,NGC2841,Bizyaev_2014,,False,unique_to_2014,PGC26549,,EON_140.660_50.765,PGC26549,PGC26549,140.659882,50.76506,r,5.8,0.14,2.04,0.3,0.3517241379310345,2.8431372549019605,21.01,0.22,0.143,15.32,0.22,SB,8070.0,PGC026549,NED,thick_like,PGC26549,PGC26549,PGC26549,140.659882,50.76506,PGC026549,PGC26549,NED,,True,coord_review,NGC2841,46.0,0.2313387107923883,Bizyaev_2014,0.35,2,2.012785294331137,0.012663460556193051,0.9637252122127644,0.025448754887329894,0.024525606704342628,0.15342129008643463,1.2799620594689044e-08,0.00030315223217035255,285.49738667821794,34.502613321782064,34.50261332194299,2.917770732084279,0.3427274079501306
7.51,316.0,286.64103840866886,20.5,NGC2841,16.24,235.48,162.63,13296.404793608524,NGC2841,NGC2841,Bizyaev_2014,,False,unique_to_2014,PGC26549,,EON_140.660_50.765,PGC26549,PGC26549,140.659882,50.76506,r,5.8,0.14,2.04,0.3,0.3517241379310345,2.8431372549019605,21.01,0.22,0.143,15.32,0.22,SB,8070.0,PGC026549,NED,thick_like,PGC26549,PGC26549,PGC26549,140.659882,50.76506,PGC026549,PGC26549,NED,,True,coord_review,NGC2841,46.0,0.2313387107923883,Bizyaev_2014,0.35,2,2.012785294331137,0.012663460556193051,0.9637252122127644,0.025448754887329894,0.024525606704342628,0.15342129008643463,1.169946792196552e-08,0.00029641694299408904,286.6410384088221,29.358961591177888,29.358961591331138,2.917770732084279,0.3427274079501306
7.85,318.0,288.61413842707015,23.4,NGC2841,20.27,239.96,159.08,12882.03821656051,NGC2841,NGC2841,Bizyaev_2014,,False,unique_to_2014,PGC26549,,EON_140.660_50.765,PGC26549,PGC26549,140.659882,50.76506,r,5.8,0.14,2.04,0.3,0.3517241379310345,2.8431372549019605,21.01,0.22,0.143,15.32,0.22,SB,8070.0,PGC026549,NED,thick_like,PGC26549,PGC26549,PGC26549,140.659882,50.76506,PGC026549,PGC26549,NED,,True,coord_review,NGC2841,46.0,0.2313387107923883,Bizyaev_2014,0.35,2,2.012785294331137,0.012663460556193051,0.9637252122127644,0.025448754887329894,0.024525606704342628,0.15342129008643463,1.0707958306554383e-08,0.00028992666780834755,288.6141384272158,29.385861572784222,29.385861572929855,2.917770732084279,0.3427274079501306
8.21,321.0,289.92085747665686,8.48,NGC2841,24.66,243.42,155.54,12550.669914738122,NGC2841,NGC2841,Bizyaev_2014,,False,unique_to_2014,PGC26549,,EON_140.660_50.765,PGC26549,PGC26549,140.659882,50.76506,r,5.8,0.14,2.04,0.3,0.3517241379310345,2.8431372549019605,21.01,0.22,0.143,15.32,0.22,SB,8070.0,PGC026549,NED,thick_like,PGC26549,PGC26549,PGC26549,140.659882,50.76506,PGC026549,PGC26549,NED,,True,coord_review,NGC2841,46.0,0.2313387107923883,Bizyaev_2014,0.35,2,2.012785294331137,0.012663460556193051,0.9637252122127644,0.025448754887329894,0.024525606704342628,0.15342129008643463,9.789481066369068e-09,0.00028349892337518683,289.9208574767955,31.079142523204496,31.079142523343137,2.917770732084279,0.3427274079501306
8.57,323.0,289.8394476257502,8.66,NGC2841,27.1,245.15,152.23,12173.745624270712,NGC2841,NGC2841,Bizyaev_2014,,False,unique_to_2014,PGC26549,,EON_140.660_50.765,PGC26549,PGC26549,140.659882,50.76506,r,5.8,0.14,2.04,0.3,0.3517241379310345,2.8431372549019605,21.01,0.22,0.143,15.32,0.22,SB,8070.0,PGC026549,NED,thick_like,PGC26549,PGC26549,PGC26549,140.659882,50.76506,PGC026549,PGC26549,NED,,True,coord_review,NGC2841,46.0,0.2313387107923883,Bizyaev_2014,0.35,2,2.012785294331137,0.012663460556193051,0.9637252122127644,0.025448754887329894,0.024525606704342628,0.15342129008643463,8.984301983468524e-09,0.0002774805722898907,289.83944762588305,33.160552374116946,33.16055237424979,2.917770732084279,0.3427274079501306
8.9,321.0,289.1324277904504,12.7,NGC2841,29.42,245.8,149.38,11577.640449438202,NGC2841,NGC2841,Bizyaev_2014,,False,unique_to_2014,PGC26549,,EON_140.660_50.765,PGC26549,PGC26549,140.659882,50.76506,r,5.8,0.14,2.04,0.3,0.3517241379310345,2.8431372549019605,21.01,0.22,0.143,15.32,0.22,SB,8070.0,PGC026549,NED,thick_like,PGC26549,PGC26549,PGC26549,140.659882,50.76506,PGC026549,PGC26549,NED,,True,coord_review,NGC2841,46.0,0.2313387107923883,Bizyaev_2014,0.35,2,2.012785294331137,0.012663460556193051,0.9637252122127644,0.025448754887329894,0.024525606704342628,0.15342129008643463,8.330402231355226e-09,0.00027228767849291584,289.1324277905786,31.867572209421382,31.86757220954962,2.917770732084279,0.3427274079501306
9.24,323.0,287.4796989354205,11.0,NGC2841,31.74,245.24,146.61,11291.017316017316,NGC2841,NGC2841,Bizyaev_2014,,False,unique_to_2014,PGC26549,,EON_140.660_50.765,PGC26549,PGC26549,140.659882,50.76506,r,5.8,0.14,2.04,0.3,0.3517241379310345,2.8431372549019605,21.01,0.22,0.143,15.32,0.22,SB,8070.0,PGC026549,NED,thick_like,PGC26549,PGC26549,PGC26549,140.659882,50.76506,PGC026549,PGC26549,NED,,True,coord_review,NGC2841,46.0,0.2313387107923883,Bizyaev_2014,0.35,2,2.012785294331137,0.012663460556193051,0.9637252122127644,0.025448754887329894,0.024525606704342628,0.15342129008643463,7.72862156754989e-09,0.0002672311046344736,287.4796989355447,35.52030106445528,35.520301064579485,2.917770732084279,0.3427274079501306
9.6,323.0,285.42702149586324,10.4,NGC2841,34.31,244.14,143.83,10867.604166666668,NGC2841,NGC2841,Bizyaev_2014,,False,unique_to_2014,PGC26549,,EON_140.660_50.765,PGC26549,PGC26549,140.659882,50.76506,r,5.8,0.14,2.04,0.3,0.3517241379310345,2.8431372549019605,21.01,0.22,0.143,15.32,0.22,SB,8070.0,PGC026549,NED,thick_like,PGC26549,PGC26549,PGC26549,140.659882,50.76506,PGC026549,PGC26549,NED,,True,coord_review,NGC2841,46.0,0.2313387107923883,Bizyaev_2014,0.35,2,2.012785294331137,0.012663460556193051,0.9637252122127644,0.025448754887329894,0.024525606704342628,0.15342129008643463,7.159843324063015e-09,0.00026217264523783736,285.42702149598364,37.57297850401636,37.572978504136756,2.917770732084279,0.3427274079501306
10.27,321.0,283.18853454898203,13.6,NGC2841,38.95,243.6,139.06,10033.203505355405,NGC2841,NGC2841,Bizyaev_2014,,False,unique_to_2014,PGC26549,,EON_140.660_50.765,PGC26549,PGC26549,140.659882,50.76506,r,5.8,0.14,2.04,0.3,0.3517241379310345,2.8431372549019605,21.01,0.22,0.143,15.32,0.22,SB,8070.0,PGC026549,NED,thick_like,PGC26549,PGC26549,PGC26549,140.659882,50.76506,PGC026549,PGC26549,NED,,True,coord_review,NGC2841,46.0,0.2313387107923883,Bizyaev_2014,0.35,3,2.0054686459590885,0.007316648372048373,0.9788779595685487,0.012785294331136843,0.012515242827346566,0.3066078622931566,1.2502669605322884e-08,0.0003583328297081723,283.1885345492087,37.811465450791275,37.811465451017966,2.917770732084279,0.3427274079501306
10.6,323.0,282.22792065988085,9.32,NGC2841,41.02,243.38,136.88,9842.358490566035,NGC2841,NGC2841,Bizyaev_2014,,False,unique_to_2014,PGC26549,,EON_140.660_50.765,PGC26549,PGC26549,140.659882,50.76506,r,5.8,0.14,2.04,0.3,0.3517241379310345,2.8431372549019605,21.01,0.22,0.143,15.32,0.22,SB,8070.0,PGC026549,NED,thick_like,PGC26549,PGC26549,PGC26549,140.659882,50.76506,PGC026549,PGC26549,NED,,True,coord_review,NGC2841,46.0,0.2313387107923883,Bizyaev_2014,0.35,3,2.0054686459590885,0.007316648372048373,0.9788779595685487,0.012785294331136843,0.012515242827346566,0.3066078622931566,1.1736319161759166e-08,0.00035271090586292786,282.22792066010123,40.77207933989877,40.77207934011915,2.917770732084279,0.3427274079501306
10.93,322.0,281.29503159494305,11.9,NGC2841,43.22,243.08,134.8,9486.184812442818,NGC2841,NGC2841,Bizyaev_2014,,False,unique_to_2014,PGC26549,,EON_140.660_50.765,PGC26549,PGC26549,140.659882,50.76506,r,5.8,0.14,2.04,0.3,0.3517241379310345,2.8431372549019605,21.01,0.22,0.143,15.32,0.22,SB,8070.0,PGC026549,NED,thick_like,PGC26549,PGC26549,PGC26549,140.659882,50.76506,PGC026549,PGC26549,NED,,True,coord_review,NGC2841,46.0,0.2313387107923883,Bizyaev_2014,0.35,3,2.0054686459590885,0.007316648372048373,0.9788779595685487,0.012785294331136843,0.012515242827346566,0.3066078622931566,1.1038328588692244e-08,0.00034734555053204035,281.2950315951575,40.704968404842475,40.704968405056945,2.917770732084279,0.3427274079501306
11.27,321.0,280.11192852143944,11.0,NGC2841,45.42,242.44,132.75,9142.945874001774,NGC2841,NGC2841,Bizyaev_2014,,False,unique_to_2014,PGC26549,,EON_140.660_50.765,PGC26549,PGC26549,140.659882,50.76506,r,5.8,0.14,2.04,0.3,0.3517241379310345,2.8431372549019605,21.01,0.22,0.143,15.32,0.22,SB,8070.0,PGC026549,NED,thick_like,PGC26549,PGC26549,PGC26549,140.659882,50.76506,PGC026549,PGC26549,NED,,True,coord_review,NGC2841,46.0,0.2313387107923883,Bizyaev_2014,0.35,3,2.0054686459590885,0.007316648372048373,0.9788779595685487,0.012785294331136843,0.012515242827346566,0.3066078622931566,1.038235345398192e-08,0.00034206596356021194,280.1119285216483,40.88807147835172,40.88807147856056,2.917770732084279,0.3427274079501306
12.31,323.0,274.1813868591375,4.24,NGC2841,52.25,237.3,127.02,8475.142160844842,NGC2841,NGC2841,Bizyaev_2014,,False,unique_to_2014,PGC26549,,EON_140.660_50.765,PGC26549,PGC26549,140.659882,50.76506,r,5.8,0.14,2.04,0.3,0.3517241379310345,2.8431372549019605,21.01,0.22,0.143,15.32,0.22,SB,8070.0,PGC026549,NED,thick_like,PGC26549,PGC26549,PGC26549,140.659882,50.76506,PGC026549,PGC26549,NED,,True,coord_review,NGC2841,46.0,0.2313387107923883,Bizyaev_2014,0.35,3,2.0054686459590885,0.007316648372048373,0.9788779595685487,0.012785294331136843,0.012515242827346566,0.3066078622931566,8.702169456751625e-09,0.0003272975802119724,274.18138685933286,48.81861314066714,48.81861314086251,2.917770732084279,0.3427274079501306
14.35,319.0,257.62889220737645,4.24,NGC2841,56.77,222.06,117.64,7091.358885017422,NGC2841,NGC2841,Bizyaev_2014,,False,unique_to_2014,PGC26549,,EON_140.660_50.765,PGC26549,PGC26549,140.659882,50.76506,r,5.8,0.14,2.04,0.3,0.3517241379310345,2.8431372549019605,21.01,0.22,0.143,15.32,0.22,SB,8070.0,PGC026549,NED,thick_like,PGC26549,PGC26549,PGC26549,140.659882,50.76506,PGC026549,PGC26549,NED,,True,coord_review,NGC2841,46.0,0.2313387107923883,Bizyaev_2014,0.35,3,2.0054686459590885,0.007316648372048373,0.9788779595685487,0.012785294331136843,0.012515242827346566,0.3066078622931566,6.403830669379306e-09,0.0003031418316656298,257.6288922075548,61.37110779244517,61.37110779262355,2.917770732084279,0.3427274079501306
16.4,308.0,240.95031458788344,4.24,NGC2841,51.89,207.98,110.04,5784.39024390244,NGC2841,NGC2841,Bizyaev_2014,,False,unique_to_2014,PGC26549,,EON_140.660_50.765,PGC26549,PGC26549,140.659882,50.76506,r,5.8,0.14,2.04,0.3,0.3517241379310345,2.8431372549019605,21.01,0.22,0.143,15.32,0.22,SB,8070.0,PGC026549,NED,thick_like,PGC26549,PGC26549,PGC26549,140.659882,50.76506,PGC026549,PGC26549,NED,,True,coord_review,NGC2841,46.0,0.2313387107923883,Bizyaev_2014,0.35,3,2.0054686459590885,0.007316648372048373,0.9788779595685487,0.012785294331136843,0.012515242827346566,0.3066078622931566,4.902932856243531e-09,0.0002835632184229716,240.9503145880503,67.0496854119497,67.04968541211656,2.917770732084279,0.3427274079501306
18.48,299.0,227.6905538225071,5.66,NGC2841,48.35,196.87,103.67,4837.7164502164505,NGC2841,NGC2841,Bizyaev_2014,,False,unique_to_2014,PGC26549,,EON_140.660_50.765,PGC26549,PGC26549,140.659882,50.76506,r,5.8,0.14,2.04,0.3,0.3517241379310345,2.8431372549019605,21.01,0.22,0.143,15.32,0.22,SB,8070.0,PGC026549,NED,thick_like,PGC26549,PGC26549,PGC26549,140.659882,50.76506,PGC026549,PGC26549,NED,,True,coord_review,NGC2841,46.0,0.2313387107923883,Bizyaev_2014,0.35,3,2.0054686459590885,0.007316648372048373,0.9788779595685487,0.012785294331136843,0.012515242827346566,0.3066078622931566,3.86135479626758e-09,0.0002671288764529677,227.6905538226638,71.30944617733621,71.3094461774929,2.917770732084279,0.3427274079501306
20.57,299.0,217.05240956967052,5.66,NGC2841,54.45,185.72,98.26,4346.183762761303,NGC2841,NGC2841,Bizyaev_2014,,False,unique_to_2014,PGC26549,,EON_140.660_50.765,PGC26549,PGC26549,140.659882,50.76506,r,5.8,0.14,2.04,0.3,0.3517241379310345,2.8431372549019605,21.01,0.22,0.143,15.32,0.22,SB,8070.0,PGC026549,NED,thick_like,PGC26549,PGC26549,PGC26549,140.659882,50.76506,PGC026549,PGC26549,NED,,True,coord_review,NGC2841,46.0,0.2313387107923883,Bizyaev_2014,0.35,3,2.0054686459590885,0.007316648372048373,0.9788779595685487,0.012785294331136843,0.012515242827346566,0.3066078622931566,3.1165568866669392e-09,0.0002531947376205496,217.0524095698182,81.9475904301818,81.94759043032948,2.917770732084279,0.3427274079501306
24.59,296.0,202.46587539632452,5.66,NGC2841,66.17,168.93,89.87,3563.074420496137,NGC2841,NGC2841,Bizyaev_2014,,False,unique_to_2014,PGC26549,,EON_140.660_50.765,PGC26549,PGC26549,140.659882,50.76506,r,5.8,0.14,2.04,0.3,0.3517241379310345,2.8431372549019605,21.01,0.22,0.143,15.32,0.22,SB,8070.0,PGC026549,NED,thick_like,PGC26549,PGC26549,PGC26549,140.659882,50.76506,PGC026549,PGC26549,NED,,True,coord_review,NGC2841,46.0,0.2313387107923883,Bizyaev_2014,0.35,4,2.0022427669919116,0.003225878967176854,0.9906317825164029,0.0054686459590884695,0.005417414494402934,0.40677585629466684,2.8933332982115236e-09,0.00026673407319467333,202.46587539650022,93.53412460349978,93.53412460367548,2.917770732084279,0.3427274079501306
26.68,293.0,193.0401836406089,4.24,NGC2841,61.9,161.21,86.28,3217.728635682159,NGC2841,NGC2841,Bizyaev_2014,,False,unique_to_2014,PGC26549,,EON_140.660_50.765,PGC26549,PGC26549,140.659882,50.76506,r,5.8,0.14,2.04,0.3,0.3517241379310345,2.8431372549019605,21.01,0.22,0.143,15.32,0.22,SB,8070.0,PGC026549,NED,thick_like,PGC26549,PGC26549,PGC26549,140.659882,50.76506,PGC026549,PGC26549,NED,,True,coord_review,NGC2841,46.0,0.2313387107923883,Bizyaev_2014,0.35,4,2.0022427669919116,0.003225878967176854,0.9906317825164029,0.0054686459590884695,0.005417414494402934,0.40677585629466684,2.457784902661528e-09,0.00025607362457506154,193.04018364077874,99.95981635922126,99.95981635939111,2.917770732084279,0.3427274079501306
28.77,289.0,184.27017392947778,4.24,NGC2841,58.85,153.59,83.08,2903.0587417448733,NGC2841,NGC2841,Bizyaev_2014,,False,unique_to_2014,PGC26549,,EON_140.660_50.765,PGC26549,PGC26549,140.659882,50.76506,r,5.8,0.14,2.04,0.3,0.3517241379310345,2.8431372549019605,21.01,0.22,0.143,15.32,0.22,SB,8070.0,PGC026549,NED,thick_like,PGC26549,PGC26549,PGC26549,140.659882,50.76506,PGC026549,PGC26549,NED,,True,coord_review,NGC2841,46.0,0.2313387107923883,Bizyaev_2014,0.35,4,2.0022427669919116,0.003225878967176854,0.9906317825164029,0.0054686459590884695,0.005417414494402934,0.40677585629466684,2.1136632618584237e-09,0.0002465970235904457,184.27017392964277,104.72982607035723,104.72982607052222,2.917770732084279,0.3427274079501306
30.7,289.0,177.4628935862368,4.24,NGC2841,57.01,147.56,80.43,2720.5537459283387,NGC2841,NGC2841,Bizyaev_2014,,False,unique_to_2014,PGC26549,,EON_140.660_50.765,PGC26549,PGC26549,140.659882,50.76506,r,5.8,0.14,2.04,0.3,0.3517241379310345,2.8431372549019605,21.01,0.22,0.143,15.32,0.22,SB,8070.0,PGC026549,NED,thick_like,PGC26549,PGC26549,PGC26549,140.659882,50.76506,PGC026549,PGC26549,NED,,True,coord_review,NGC2841,46.0,0.2313387107923883,Bizyaev_2014,0.35,4,2.0022427669919116,0.003225878967176854,0.9906317825164029,0.0054686459590884695,0.005417414494402934,0.40677585629466684,1.8562598521960927e-09,0.0002387198723659596,177.46289358639734,111.53710641360266,111.53710641376321,2.917770732084279,0.3427274079501306
32.79,288.0,171.75045647683152,4.24,NGC2841,57.38,141.95,77.82,2529.551692589204,NGC2841,NGC2841,Bizyaev_2014,,False,unique_to_2014,PGC26549,,EON_140.660_50.765,PGC26549,PGC26549,140.659882,50.76506,r,5.8,0.14,2.04,0.3,0.3517241379310345,2.8431372549019605,21.01,0.22,0.143,15.32,0.22,SB,8070.0,PGC026549,NED,thick_like,PGC26549,PGC26549,PGC26549,140.659882,50.76506,PGC026549,PGC26549,NED,,True,coord_review,NGC2841,46.0,0.2313387107923883,Bizyaev_2014,0.35,4,2.0022427669919116,0.003225878967176854,0.9906317825164029,0.0054686459590884695,0.005417414494402934,0.40677585629466684,1.6271691035017124e-09,0.00023098674183558924,171.75045647698684,116.24954352301316,116.24954352316848,2.917770732084279,0.3427274079501306
34.88,285.0,167.52823314295412,4.24,NGC2841,60.43,136.82,75.46,2328.6983944954127,NGC2841,NGC2841,Bizyaev_2014,,False,unique_to_2014,PGC26549,,EON_140.660_50.765,PGC26549,PGC26549,140.659882,50.76506,r,5.8,0.14,2.04,0.3,0.3517241379310345,2.8431372549019605,21.01,0.22,0.143,15.32,0.22,SB,8070.0,PGC026549,NED,thick_like,PGC26549,PGC26549,PGC26549,140.659882,50.76506,PGC026549,PGC26549,NED,,True,coord_review,NGC2841,46.0,0.2313387107923883,Bizyaev_2014,0.35,4,2.0022427669919116,0.003225878967176854,0.9906317825164029,0.0054686459590884695,0.005417414494402934,0.40677585629466684,1.43801219852099e-09,0.00022395951751245612,167.52823314310382,117.47176685689618,117.47176685704588,2.917770732084279,0.3427274079501306
36.96,283.0,164.3316235543238,2.83,NGC2841,64.09,132.38,73.3,2166.910173160173,NGC2841,NGC2841,Bizyaev_2014,,False,unique_to_2014,PGC26549,,EON_140.660_50.765,PGC26549,PGC26549,140.659882,50.76506,r,5.8,0.14,2.04,0.3,0.3517241379310345,2.8431372549019605,21.01,0.22,0.143,15.32,0.22,SB,8070.0,PGC026549,NED,thick_like,PGC26549,PGC26549,PGC26549,140.659882,50.76506,PGC026549,PGC26549,NED,,True,coord_review,NGC2841,46.0,0.2313387107923883,Bizyaev_2014,0.35,4,2.0022427669919116,0.003225878967176854,0.9906317825164029,0.0054686459590884695,0.005417414494402934,0.40677585629466684,1.2807123502653911e-09,0.00021756637714915615,164.33162355446782,118.66837644553218,118.66837644567619,2.917770732084279,0.3427274079501306
38.9,275.0,161.66047166824671,2.83,NGC2841,66.9,128.66,71.45,1944.087403598972,NGC2841,NGC2841,Bizyaev_2014,,False,unique_to_2014,PGC26549,,EON_140.660_50.765,PGC26549,PGC26549,140.659882,50.76506,r,5.8,0.14,2.04,0.3,0.3517241379310345,2.8431372549019605,21.01,0.22,0.143,15.32,0.22,SB,8070.0,PGC026549,NED,thick_like,PGC26549,PGC26549,PGC26549,140.659882,50.76506,PGC026549,PGC26549,NED,,True,coord_review,NGC2841,46.0,0.2313387107923883,Bizyaev_2014,0.35,4,2.0022427669919116,0.003225878967176854,0.9906317825164029,0.0054686459590884695,0.005417414494402934,0.40677585629466684,1.1561556876416993e-09,0.00021207181861167244,161.6604716683858,113.33952833161419,113.33952833175329,2.917770732084279,0.3427274079501306
40.99,272.0,158.5730150435439,2.83,NGC2841,68.61,124.87,69.61,1804.9280312271285,NGC2841,NGC2841,Bizyaev_2014,,False,unique_to_2014,PGC26549,,EON_140.660_50.765,PGC26549,PGC26549,140.659882,50.76506,r,5.8,0.14,2.04,0.3,0.3517241379310345,2.8431372549019605,21.01,0.22,0.143,15.32,0.22,SB,8070.0,PGC026549,NED,thick_like,PGC26549,PGC26549,PGC26549,140.659882,50.76506,PGC026549,PGC26549,NED,,True,coord_review,NGC2841,46.0,0.2313387107923883,Bizyaev_2014,0.35,4,2.0022427669919116,0.003225878967176854,0.9906317825164029,0.0054686459590884695,0.005417414494402934,0.40677585629466684,1.0412612005679006e-09,0.00020659452221992298,158.57301504367848,113.42698495632152,113.4269849564561,2.917770732084279,0.3427274079501306
45.16,274.0,151.7352121295515,4.24,NGC2841,67.76,118.47,66.31,1662.444641275465,NGC2841,NGC2841,Bizyaev_2014,,False,unique_to_2014,PGC26549,,EON_140.660_50.765,PGC26549,PGC26549,140.659882,50.76506,r,5.8,0.14,2.04,0.3,0.3517241379310345,2.8431372549019605,21.01,0.22,0.143,15.32,0.22,SB,8070.0,PGC026549,NED,thick_like,PGC26549,PGC26549,PGC26549,140.659882,50.76506,PGC026549,PGC26549,NED,,True,coord_review,NGC2841,46.0,0.2313387107923883,Bizyaev_2014,0.35,5,2.0012665632435045,0.0009762037484071229,0.9971557139423912,0.0022427669919116155,0.002236387921026056,0.44810430507522836,9.44999556120655e-10,0.0002065821385173674,151.73521212969214,122.26478787030786,122.26478787044849,2.917770732084279,0.3427274079501306
47.1,277.0,147.8638005057357,4.24,NGC2841,65.19,115.75,64.93,1629.0658174097664,NGC2841,NGC2841,Bizyaev_2014,,False,unique_to_2014,PGC26549,,EON_140.660_50.765,PGC26549,PGC26549,140.659882,50.76506,r,5.8,0.14,2.04,0.3,0.3517241379310345,2.8431372549019605,21.01,0.22,0.143,15.32,0.22,SB,8070.0,PGC026549,NED,thick_like,PGC26549,PGC26549,PGC26549,140.659882,50.76506,PGC026549,PGC26549,NED,,True,coord_review,NGC2841,46.0,0.2313387107923883,Bizyaev_2014,0.35,5,2.0012665632435045,0.0009762037484071229,0.9971557139423912,0.0022427669919116155,0.002236387921026056,0.44810430507522836,8.687556794015082e-10,0.00020228295157973902,147.86380050587405,129.13619949412595,129.1361994942643,2.917770732084279,0.3427274079501306
49.19,281.0,143.90104690376648,4.24,NGC2841,62.26,113.11,63.54,1605.2246391542997,NGC2841,NGC2841,Bizyaev_2014,,False,unique_to_2014,PGC26549,,EON_140.660_50.765,PGC26549,PGC26549,140.659882,50.76506,r,5.8,0.14,2.04,0.3,0.3517241379310345,2.8431372549019605,21.01,0.22,0.143,15.32,0.22,SB,8070.0,PGC026549,NED,thick_like,PGC26549,PGC26549,PGC26549,140.659882,50.76506,PGC026549,PGC26549,NED,,True,coord_review,NGC2841,46.0,0.2313387107923883,Bizyaev_2014,0.35,5,2.0012665632435045,0.0009762037484071229,0.9971557139423912,0.0022427669919116155,0.002236387921026056,0.44810430507522836,7.9650008393387e-10,0.00019793897829560266,143.90104690390262,137.09895309609738,137.09895309623352,2.917770732084279,0.3427274079501306
51.27,286.0,140.6067857537466,4.24,NGC2841,60.55,110.59,62.24,1595.3969182757946,NGC2841,NGC2841,Bizyaev_2014,,False,unique_to_2014,PGC26549,,EON_140.660_50.765,PGC26549,PGC26549,140.659882,50.76506,r,5.8,0.14,2.04,0.3,0.3517241379310345,2.8431372549019605,21.01,0.22,0.143,15.32,0.22,SB,8070.0,PGC026549,NED,thick_like,PGC26549,PGC26549,PGC26549,140.659882,50.76506,PGC026549,PGC26549,NED,,True,coord_review,NGC2841,46.0,0.2313387107923883,Bizyaev_2014,0.35,5,2.0012665632435045,0.0009762037484071229,0.9971557139423912,0.0022427669919116155,0.002236387921026056,0.44810430507522836,7.331837589099178e-10,0.00019388226148699496,140.60678575388027,145.39321424611973,145.3932142462534,2.917770732084279,0.3427274079501306
53.36,282.0,138.26573183547686,4.24,NGC2841,60.55,108.3,61.01,1490.3298350824589,NGC2841,NGC2841,Bizyaev_2014,,False,unique_to_2014,PGC26549,,EON_140.660_50.765,PGC26549,PGC26549,140.659882,50.76506,r,5.8,0.14,2.04,0.3,0.3517241379310345,2.8431372549019605,21.01,0.22,0.143,15.32,0.22,SB,8070.0,PGC026549,NED,thick_like,PGC26549,PGC26549,PGC26549,140.659882,50.76506,PGC026549,PGC26549,NED,,True,coord_review,NGC2841,46.0,0.2313387107923883,Bizyaev_2014,0.35,5,2.0012665632435045,0.0009762037484071229,0.9971557139423912,0.0022427669919116155,0.002236387921026056,0.44810430507522836,6.768739950938254e-10,0.000190047352989213,138.26573183560748,143.73426816439252,143.73426816452314,2.917770732084279,0.3427274079501306
55.3,283.0,137.06178570265308,4.24,NGC2841,62.39,106.31,59.93,1448.264014466546,NGC2841,NGC2841,Bizyaev_2014,,False,unique_to_2014,PGC26549,,EON_140.660_50.765,PGC26549,PGC26549,140.659882,50.76506,r,5.8,0.14,2.04,0.3,0.3517241379310345,2.8431372549019605,21.01,0.22,0.143,15.32,0.22,SB,8070.0,PGC026549,NED,thick_like,PGC26549,PGC26549,PGC26549,140.659882,50.76506,PGC026549,PGC26549,NED,,True,coord_review,NGC2841,46.0,0.2313387107923883,Bizyaev_2014,0.35,5,2.0012665632435045,0.0009762037484071229,0.9971557139423912,0.0022427669919116155,0.002236387921026056,0.44810430507522836,6.302156858500242e-10,0.00018668403099222582,137.0617857027802,145.9382142972198,145.93821429734692,2.917770732084279,0.3427274079501306
57.38,288.0,136.17402211875802,5.66,NGC2841,64.95,104.23,58.83,1445.5210874869292,NGC2841,NGC2841,Bizyaev_2014,,False,unique_to_2014,PGC26549,,EON_140.660_50.765,PGC26549,PGC26549,140.659882,50.76506,r,5.8,0.14,2.04,0.3,0.3517241379310345,2.8431372549019605,21.01,0.22,0.143,15.32,0.22,SB,8070.0,PGC026549,NED,thick_like,PGC26549,PGC26549,PGC26549,140.659882,50.76506,PGC026549,PGC26549,NED,,True,coord_review,NGC2841,46.0,0.2313387107923883,Bizyaev_2014,0.35,5,2.0012665632435045,0.0009762037484071229,0.9971557139423912,0.0022427669919116155,0.002236387921026056,0.44810430507522836,5.85353720678377e-10,0.0001832691913348375,136.17402211888134,151.82597788111866,151.82597788124198,2.917770732084279,0.3427274079501306
59.47,287.0,135.4042813207913,5.66,NGC2841,67.27,102.32,57.79,1385.051286362872,NGC2841,NGC2841,Bizyaev_2014,,False,unique_to_2014,PGC26549,,EON_140.660_50.765,PGC26549,PGC26549,140.659882,50.76506,r,5.8,0.14,2.04,0.3,0.3517241379310345,2.8431372549019605,21.01,0.22,0.143,15.32,0.22,SB,8070.0,PGC026549,NED,thick_like,PGC26549,PGC26549,PGC26549,140.659882,50.76506,PGC026549,PGC26549,NED,,True,coord_review,NGC2841,46.0,0.2313387107923883,Bizyaev_2014,0.35,5,2.0012665632435045,0.0009762037484071229,0.9971557139423912,0.0022427669919116155,0.002236387921026056,0.44810430507522836,5.449336090064275e-10,0.00018002000368740203,135.404281320911,151.595718679089,151.5957186792087,2.917770732084279,0.3427274079501306
61.56,289.0,134.23628496051282,7.07,NGC2841,68.49,100.51,56.8,1356.7413905133203,NGC2841,NGC2841,Bizyaev_2014,,False,unique_to_2014,PGC26549,,EON_140.660_50.765,PGC26549,PGC26549,140.659882,50.76506,r,5.8,0.14,2.04,0.3,0.3517241379310345,2.8431372549019605,21.01,0.22,0.143,15.32,0.22,SB,8070.0,PGC026549,NED,thick_like,PGC26549,PGC26549,PGC26549,140.659882,50.76506,PGC026549,PGC26549,NED,,True,coord_review,NGC2841,46.0,0.2313387107923883,Bizyaev_2014,0.35,5,2.0012665632435045,0.0009762037484071229,0.9971557139423912,0.0022427669919116155,0.002236387921026056,0.44810430507522836,5.085600588777501e-10,0.00017693772131604469,134.23628496062943,154.76371503937057,154.76371503948718,2.917770732084279,0.3427274079501306
63.64,294.0,132.65628556536626,7.07,NGC2841,68.73,98.76,55.86,1358.202388434947,NGC2841,NGC2841,Bizyaev_2014,,False,unique_to_2014,PGC26549,,EON_140.660_50.765,PGC26549,PGC26549,140.659882,50.76506,r,5.8,0.14,2.04,0.3,0.3517241379310345,2.8431372549019605,21.01,0.22,0.143,15.32,0.22,SB,8070.0,PGC026549,NED,thick_like,PGC26549,PGC26549,PGC26549,140.659882,50.76506,PGC026549,PGC26549,NED,,True,coord_review,NGC2841,46.0,0.2313387107923883,Bizyaev_2014,0.35,5,2.0012665632435045,0.0009762037484071229,0.9971557139423912,0.0022427669919116155,0.002236387921026056,0.44810430507522836,4.758599219972763e-10,0.00017402219811250133,132.6562855654804,161.3437144345196,161.34371443463374,2.917770732084279,0.3427274079501306
